Probability of Developing Cancer,,,
By Cancer Site,,,
All Ages  All Races  Female,,,
2013-2015 ,,,
,,,
Cancer Site,Cancer Free Age,Probability of Developing Cancer (%) by Age,Risk
All Sites,Age 0,Age <br/>5,0.108
All Sites,Age 0,Age <br/>10,0.174
All Sites,Age 0,Age <br/>15,0.247
All Sites,Age 0,Age <br/>20,0.36
All Sites,Age 0,Age <br/>25,0.551
All Sites,Age 0,Age <br/>30,0.886
All Sites,Age 0,Age <br/>35,1.45
All Sites,Age 0,Age <br/>40,2.327
All Sites,Age 0,Age <br/>45,3.669
All Sites,Age 0,Age <br/>50,5.573
All Sites,Age 0,Age <br/>55,8.094
All Sites,Age 0,Age <br/>60,11.199
All Sites,Age 0,Age <br/>65,14.988
All Sites,Age 0,Age <br/>70,19.5
All Sites,Age 0,Age <br/>75,24.314
All Sites,Age 0,Age <br/>80,28.983
All Sites,Age 0,Age <br/>85,32.952
All Sites,Age 0,Age <br/>90,35.724
All Sites,Age 0,Age <br/>95,37.109
All Sites,Age 0,Age <br/>95+,37.73
All Sites,Age 5,Age <br/>5,
All Sites,Age 5,Age <br/>10,0.068
All Sites,Age 5,Age <br/>15,0.141
All Sites,Age 5,Age <br/>20,0.255
All Sites,Age 5,Age <br/>25,0.448
All Sites,Age 5,Age <br/>30,0.786
All Sites,Age 5,Age <br/>35,1.357
All Sites,Age 5,Age <br/>40,2.243
All Sites,Age 5,Age <br/>45,3.598
All Sites,Age 5,Age <br/>50,5.522
All Sites,Age 5,Age <br/>55,8.069
All Sites,Age 5,Age <br/>60,11.206
All Sites,Age 5,Age <br/>65,15.033
All Sites,Age 5,Age <br/>70,19.591
All Sites,Age 5,Age <br/>75,24.455
All Sites,Age 5,Age <br/>80,29.172
All Sites,Age 5,Age <br/>85,33.182
All Sites,Age 5,Age <br/>90,35.982
All Sites,Age 5,Age <br/>95,37.382
All Sites,Age 5,Age <br/>95+,38.009
All Sites,Age 10,Age <br/>5,
All Sites,Age 10,Age <br/>10,
All Sites,Age 10,Age <br/>15,0.073
All Sites,Age 10,Age <br/>20,0.188
All Sites,Age 10,Age <br/>25,0.381
All Sites,Age 10,Age <br/>30,0.719
All Sites,Age 10,Age <br/>35,1.291
All Sites,Age 10,Age <br/>40,2.178
All Sites,Age 10,Age <br/>45,3.534
All Sites,Age 10,Age <br/>50,5.461
All Sites,Age 10,Age <br/>55,8.01
All Sites,Age 10,Age <br/>60,11.151
All Sites,Age 10,Age <br/>65,14.982
All Sites,Age 10,Age <br/>70,19.546
All Sites,Age 10,Age <br/>75,24.415
All Sites,Age 10,Age <br/>80,29.137
All Sites,Age 10,Age <br/>85,33.152
All Sites,Age 10,Age <br/>90,35.955
All Sites,Age 10,Age <br/>95,37.356
All Sites,Age 10,Age <br/>95+,37.984
All Sites,Age 15,Age <br/>5,
All Sites,Age 15,Age <br/>10,
All Sites,Age 15,Age <br/>15,
All Sites,Age 15,Age <br/>20,0.115
All Sites,Age 15,Age <br/>25,0.308
All Sites,Age 15,Age <br/>30,0.647
All Sites,Age 15,Age <br/>35,1.219
All Sites,Age 15,Age <br/>40,2.107
All Sites,Age 15,Age <br/>45,3.465
All Sites,Age 15,Age <br/>50,5.394
All Sites,Age 15,Age <br/>55,7.947
All Sites,Age 15,Age <br/>60,11.092
All Sites,Age 15,Age <br/>65,14.928
All Sites,Age 15,Age <br/>70,19.497
All Sites,Age 15,Age <br/>75,24.372
All Sites,Age 15,Age <br/>80,29.101
All Sites,Age 15,Age <br/>85,33.12
All Sites,Age 15,Age <br/>90,35.927
All Sites,Age 15,Age <br/>95,37.33
All Sites,Age 15,Age <br/>95+,37.959
All Sites,Age 20,Age <br/>5,
All Sites,Age 20,Age <br/>10,
All Sites,Age 20,Age <br/>15,
All Sites,Age 20,Age <br/>20,
All Sites,Age 20,Age <br/>25,0.194
All Sites,Age 20,Age <br/>30,0.533
All Sites,Age 20,Age <br/>35,1.107
All Sites,Age 20,Age <br/>40,1.997
All Sites,Age 20,Age <br/>45,3.358
All Sites,Age 20,Age <br/>50,5.291
All Sites,Age 20,Age <br/>55,7.85
All Sites,Age 20,Age <br/>60,11.002
All Sites,Age 20,Age <br/>65,14.847
All Sites,Age 20,Age <br/>70,19.427
All Sites,Age 20,Age <br/>75,24.313
All Sites,Age 20,Age <br/>80,29.052
All Sites,Age 20,Age <br/>85,33.081
All Sites,Age 20,Age <br/>90,35.894
All Sites,Age 20,Age <br/>95,37.301
All Sites,Age 20,Age <br/>95+,37.931
All Sites,Age 25,Age <br/>5,
All Sites,Age 25,Age <br/>10,
All Sites,Age 25,Age <br/>15,
All Sites,Age 25,Age <br/>20,
All Sites,Age 25,Age <br/>25,
All Sites,Age 25,Age <br/>30,0.341
All Sites,Age 25,Age <br/>35,0.916
All Sites,Age 25,Age <br/>40,1.81
All Sites,Age 25,Age <br/>45,3.176
All Sites,Age 25,Age <br/>50,5.117
All Sites,Age 25,Age <br/>55,7.686
All Sites,Age 25,Age <br/>60,10.849
All Sites,Age 25,Age <br/>65,14.709
All Sites,Age 25,Age <br/>70,19.306
All Sites,Age 25,Age <br/>75,24.211
All Sites,Age 25,Age <br/>80,28.969
All Sites,Age 25,Age <br/>85,33.013
All Sites,Age 25,Age <br/>90,35.837
All Sites,Age 25,Age <br/>95,37.248
All Sites,Age 25,Age <br/>95+,37.881
All Sites,Age 30,Age <br/>5,
All Sites,Age 30,Age <br/>10,
All Sites,Age 30,Age <br/>15,
All Sites,Age 30,Age <br/>20,
All Sites,Age 30,Age <br/>25,
All Sites,Age 30,Age <br/>30,
All Sites,Age 30,Age <br/>35,0.579
All Sites,Age 30,Age <br/>40,1.477
All Sites,Age 30,Age <br/>45,2.852
All Sites,Age 30,Age <br/>50,4.804
All Sites,Age 30,Age <br/>55,7.387
All Sites,Age 30,Age <br/>60,10.57
All Sites,Age 30,Age <br/>65,14.452
All Sites,Age 30,Age <br/>70,19.076
All Sites,Age 30,Age <br/>75,24.009
All Sites,Age 30,Age <br/>80,28.794
All Sites,Age 30,Age <br/>85,32.862
All Sites,Age 30,Age <br/>90,35.703
All Sites,Age 30,Age <br/>95,37.123
All Sites,Age 30,Age <br/>95+,37.759
All Sites,Age 35,Age <br/>5,
All Sites,Age 35,Age <br/>10,
All Sites,Age 35,Age <br/>15,
All Sites,Age 35,Age <br/>20,
All Sites,Age 35,Age <br/>25,
All Sites,Age 35,Age <br/>30,
All Sites,Age 35,Age <br/>35,
All Sites,Age 35,Age <br/>40,0.907
All Sites,Age 35,Age <br/>45,2.293
All Sites,Age 35,Age <br/>50,4.263
All Sites,Age 35,Age <br/>55,6.869
All Sites,Age 35,Age <br/>60,10.079
All Sites,Age 35,Age <br/>65,13.996
All Sites,Age 35,Age <br/>70,18.661
All Sites,Age 35,Age <br/>75,23.638
All Sites,Age 35,Age <br/>80,28.465
All Sites,Age 35,Age <br/>85,32.569
All Sites,Age 35,Age <br/>90,35.434
All Sites,Age 35,Age <br/>95,36.867
All Sites,Age 35,Age <br/>95+,37.509
All Sites,Age 40,Age <br/>5,
All Sites,Age 40,Age <br/>10,
All Sites,Age 40,Age <br/>15,
All Sites,Age 40,Age <br/>20,
All Sites,Age 40,Age <br/>25,
All Sites,Age 40,Age <br/>30,
All Sites,Age 40,Age <br/>35,
All Sites,Age 40,Age <br/>40,
All Sites,Age 40,Age <br/>45,1.405
All Sites,Age 40,Age <br/>50,3.4
All Sites,Age 40,Age <br/>55,6.04
All Sites,Age 40,Age <br/>60,9.293
All Sites,Age 40,Age <br/>65,13.26
All Sites,Age 40,Age <br/>70,17.986
All Sites,Age 40,Age <br/>75,23.028
All Sites,Age 40,Age <br/>80,27.918
All Sites,Age 40,Age <br/>85,32.076
All Sites,Age 40,Age <br/>90,34.979
All Sites,Age 40,Age <br/>95,36.43
All Sites,Age 40,Age <br/>95+,37.08
All Sites,Age 45,Age <br/>5,
All Sites,Age 45,Age <br/>10,
All Sites,Age 45,Age <br/>15,
All Sites,Age 45,Age <br/>20,
All Sites,Age 45,Age <br/>25,
All Sites,Age 45,Age <br/>30,
All Sites,Age 45,Age <br/>35,
All Sites,Age 45,Age <br/>40,
All Sites,Age 45,Age <br/>45,
All Sites,Age 45,Age <br/>50,2.034
All Sites,Age 45,Age <br/>55,4.726
All Sites,Age 45,Age <br/>60,8.043
All Sites,Age 45,Age <br/>65,12.088
All Sites,Age 45,Age <br/>70,16.907
All Sites,Age 45,Age <br/>75,22.048
All Sites,Age 45,Age <br/>80,27.035
All Sites,Age 45,Age <br/>85,31.274
All Sites,Age 45,Age <br/>90,34.234
All Sites,Age 45,Age <br/>95,35.714
All Sites,Age 45,Age <br/>95+,36.377
All Sites,Age 50,Age <br/>5,
All Sites,Age 50,Age <br/>10,
All Sites,Age 50,Age <br/>15,
All Sites,Age 50,Age <br/>20,
All Sites,Age 50,Age <br/>25,
All Sites,Age 50,Age <br/>30,
All Sites,Age 50,Age <br/>35,
All Sites,Age 50,Age <br/>40,
All Sites,Age 50,Age <br/>45,
All Sites,Age 50,Age <br/>50,
All Sites,Age 50,Age <br/>55,2.77
All Sites,Age 50,Age <br/>60,6.182
All Sites,Age 50,Age <br/>65,10.345
All Sites,Age 50,Age <br/>70,15.303
All Sites,Age 50,Age <br/>75,20.592
All Sites,Age 50,Age <br/>80,25.723
All Sites,Age 50,Age <br/>85,30.084
All Sites,Age 50,Age <br/>90,33.13
All Sites,Age 50,Age <br/>95,34.652
All Sites,Age 50,Age <br/>95+,35.334
All Sites,Age 55,Age <br/>5,
All Sites,Age 55,Age <br/>10,
All Sites,Age 55,Age <br/>15,
All Sites,Age 55,Age <br/>20,
All Sites,Age 55,Age <br/>25,
All Sites,Age 55,Age <br/>30,
All Sites,Age 55,Age <br/>35,
All Sites,Age 55,Age <br/>40,
All Sites,Age 55,Age <br/>45,
All Sites,Age 55,Age <br/>50,
All Sites,Age 55,Age <br/>55,
All Sites,Age 55,Age <br/>60,3.551
All Sites,Age 55,Age <br/>65,7.883
All Sites,Age 55,Age <br/>70,13.042
All Sites,Age 55,Age <br/>75,18.547
All Sites,Age 55,Age <br/>80,23.886
All Sites,Age 55,Age <br/>85,28.426
All Sites,Age 55,Age <br/>90,31.595
All Sites,Age 55,Age <br/>95,33.179
All Sites,Age 55,Age <br/>95+,33.889
All Sites,Age 60,Age <br/>5,
All Sites,Age 60,Age <br/>10,
All Sites,Age 60,Age <br/>15,
All Sites,Age 60,Age <br/>20,
All Sites,Age 60,Age <br/>25,
All Sites,Age 60,Age <br/>30,
All Sites,Age 60,Age <br/>35,
All Sites,Age 60,Age <br/>40,
All Sites,Age 60,Age <br/>45,
All Sites,Age 60,Age <br/>50,
All Sites,Age 60,Age <br/>55,
All Sites,Age 60,Age <br/>60,
All Sites,Age 60,Age <br/>65,4.567
All Sites,Age 60,Age <br/>70,10.006
All Sites,Age 60,Age <br/>75,15.809
All Sites,Age 60,Age <br/>80,21.437
All Sites,Age 60,Age <br/>85,26.222
All Sites,Age 60,Age <br/>90,29.563
All Sites,Age 60,Age <br/>95,31.233
All Sites,Age 60,Age <br/>95+,31.982
All Sites,Age 65,Age <br/>5,
All Sites,Age 65,Age <br/>10,
All Sites,Age 65,Age <br/>15,
All Sites,Age 65,Age <br/>20,
All Sites,Age 65,Age <br/>25,
All Sites,Age 65,Age <br/>30,
All Sites,Age 65,Age <br/>35,
All Sites,Age 65,Age <br/>40,
All Sites,Age 65,Age <br/>45,
All Sites,Age 65,Age <br/>50,
All Sites,Age 65,Age <br/>55,
All Sites,Age 65,Age <br/>60,
All Sites,Age 65,Age <br/>65,
All Sites,Age 65,Age <br/>70,5.836
All Sites,Age 65,Age <br/>75,12.063
All Sites,Age 65,Age <br/>80,18.102
All Sites,Age 65,Age <br/>85,23.236
All Sites,Age 65,Age <br/>90,26.821
All Sites,Age 65,Age <br/>95,28.613
All Sites,Age 65,Age <br/>95+,29.416
All Sites,Age 70,Age <br/>5,
All Sites,Age 70,Age <br/>10,
All Sites,Age 70,Age <br/>15,
All Sites,Age 70,Age <br/>20,
All Sites,Age 70,Age <br/>25,
All Sites,Age 70,Age <br/>30,
All Sites,Age 70,Age <br/>35,
All Sites,Age 70,Age <br/>40,
All Sites,Age 70,Age <br/>45,
All Sites,Age 70,Age <br/>50,
All Sites,Age 70,Age <br/>55,
All Sites,Age 70,Age <br/>60,
All Sites,Age 70,Age <br/>65,
All Sites,Age 70,Age <br/>70,
All Sites,Age 70,Age <br/>75,6.86
All Sites,Age 70,Age <br/>80,13.514
All Sites,Age 70,Age <br/>85,19.17
All Sites,Age 70,Age <br/>90,23.119
All Sites,Age 70,Age <br/>95,25.094
All Sites,Age 70,Age <br/>95+,25.978
All Sites,Age 75,Age <br/>5,
All Sites,Age 75,Age <br/>10,
All Sites,Age 75,Age <br/>15,
All Sites,Age 75,Age <br/>20,
All Sites,Age 75,Age <br/>25,
All Sites,Age 75,Age <br/>30,
All Sites,Age 75,Age <br/>35,
All Sites,Age 75,Age <br/>40,
All Sites,Age 75,Age <br/>45,
All Sites,Age 75,Age <br/>50,
All Sites,Age 75,Age <br/>55,
All Sites,Age 75,Age <br/>60,
All Sites,Age 75,Age <br/>65,
All Sites,Age 75,Age <br/>70,
All Sites,Age 75,Age <br/>75,
All Sites,Age 75,Age <br/>80,7.609
All Sites,Age 75,Age <br/>85,14.077
All Sites,Age 75,Age <br/>90,18.594
All Sites,Age 75,Age <br/>95,20.852
All Sites,Age 75,Age <br/>95+,21.863
All Sites,Age 80,Age <br/>5,
All Sites,Age 80,Age <br/>10,
All Sites,Age 80,Age <br/>15,
All Sites,Age 80,Age <br/>20,
All Sites,Age 80,Age <br/>25,
All Sites,Age 80,Age <br/>30,
All Sites,Age 80,Age <br/>35,
All Sites,Age 80,Age <br/>40,
All Sites,Age 80,Age <br/>45,
All Sites,Age 80,Age <br/>50,
All Sites,Age 80,Age <br/>55,
All Sites,Age 80,Age <br/>60,
All Sites,Age 80,Age <br/>65,
All Sites,Age 80,Age <br/>70,
All Sites,Age 80,Age <br/>75,
All Sites,Age 80,Age <br/>80,
All Sites,Age 80,Age <br/>85,7.853
All Sites,Age 80,Age <br/>90,13.336
All Sites,Age 80,Age <br/>95,16.077
All Sites,Age 80,Age <br/>95+,17.305
All Sites,Age 85,Age <br/>5,
All Sites,Age 85,Age <br/>10,
All Sites,Age 85,Age <br/>15,
All Sites,Age 85,Age <br/>20,
All Sites,Age 85,Age <br/>25,
All Sites,Age 85,Age <br/>30,
All Sites,Age 85,Age <br/>35,
All Sites,Age 85,Age <br/>40,
All Sites,Age 85,Age <br/>45,
All Sites,Age 85,Age <br/>50,
All Sites,Age 85,Age <br/>55,
All Sites,Age 85,Age <br/>60,
All Sites,Age 85,Age <br/>65,
All Sites,Age 85,Age <br/>70,
All Sites,Age 85,Age <br/>75,
All Sites,Age 85,Age <br/>80,
All Sites,Age 85,Age <br/>85,
All Sites,Age 85,Age <br/>90,7.397
All Sites,Age 85,Age <br/>95,11.095
All Sites,Age 85,Age <br/>95+,12.752
All Sites,Age 90,Age <br/>5,
All Sites,Age 90,Age <br/>10,
All Sites,Age 90,Age <br/>15,
All Sites,Age 90,Age <br/>20,
All Sites,Age 90,Age <br/>25,
All Sites,Age 90,Age <br/>30,
All Sites,Age 90,Age <br/>35,
All Sites,Age 90,Age <br/>40,
All Sites,Age 90,Age <br/>45,
All Sites,Age 90,Age <br/>50,
All Sites,Age 90,Age <br/>55,
All Sites,Age 90,Age <br/>60,
All Sites,Age 90,Age <br/>65,
All Sites,Age 90,Age <br/>70,
All Sites,Age 90,Age <br/>75,
All Sites,Age 90,Age <br/>80,
All Sites,Age 90,Age <br/>85,
All Sites,Age 90,Age <br/>90,
All Sites,Age 90,Age <br/>95,6.043
All Sites,Age 90,Age <br/>95+,8.75
All Sites,Age 95,Age <br/>5,
All Sites,Age 95,Age <br/>10,
All Sites,Age 95,Age <br/>15,
All Sites,Age 95,Age <br/>20,
All Sites,Age 95,Age <br/>25,
All Sites,Age 95,Age <br/>30,
All Sites,Age 95,Age <br/>35,
All Sites,Age 95,Age <br/>40,
All Sites,Age 95,Age <br/>45,
All Sites,Age 95,Age <br/>50,
All Sites,Age 95,Age <br/>55,
All Sites,Age 95,Age <br/>60,
All Sites,Age 95,Age <br/>65,
All Sites,Age 95,Age <br/>70,
All Sites,Age 95,Age <br/>75,
All Sites,Age 95,Age <br/>80,
All Sites,Age 95,Age <br/>85,
All Sites,Age 95,Age <br/>90,
All Sites,Age 95,Age <br/>95,
All Sites,Age 95,Age <br/>95+,6.015
Colon and Rectum,Age 0,Age <br/>5,0
Colon and Rectum,Age 0,Age <br/>10,0.001
Colon and Rectum,Age 0,Age <br/>15,0.003
Colon and Rectum,Age 0,Age <br/>20,0.008
Colon and Rectum,Age 0,Age <br/>25,0.016
Colon and Rectum,Age 0,Age <br/>30,0.031
Colon and Rectum,Age 0,Age <br/>35,0.06
Colon and Rectum,Age 0,Age <br/>40,0.109
Colon and Rectum,Age 0,Age <br/>45,0.196
Colon and Rectum,Age 0,Age <br/>50,0.342
Colon and Rectum,Age 0,Age <br/>55,0.577
Colon and Rectum,Age 0,Age <br/>60,0.843
Colon and Rectum,Age 0,Age <br/>65,1.168
Colon and Rectum,Age 0,Age <br/>70,1.58
Colon and Rectum,Age 0,Age <br/>75,2.067
Colon and Rectum,Age 0,Age <br/>80,2.634
Colon and Rectum,Age 0,Age <br/>85,3.224
Colon and Rectum,Age 0,Age <br/>90,3.7
Colon and Rectum,Age 0,Age <br/>95,3.952
Colon and Rectum,Age 0,Age <br/>95+,4.06
Colon and Rectum,Age 5,Age <br/>5,
Colon and Rectum,Age 5,Age <br/>10,0.001
Colon and Rectum,Age 5,Age <br/>15,0.003
Colon and Rectum,Age 5,Age <br/>20,0.008
Colon and Rectum,Age 5,Age <br/>25,0.016
Colon and Rectum,Age 5,Age <br/>30,0.031
Colon and Rectum,Age 5,Age <br/>35,0.06
Colon and Rectum,Age 5,Age <br/>40,0.11
Colon and Rectum,Age 5,Age <br/>45,0.198
Colon and Rectum,Age 5,Age <br/>50,0.345
Colon and Rectum,Age 5,Age <br/>55,0.582
Colon and Rectum,Age 5,Age <br/>60,0.851
Colon and Rectum,Age 5,Age <br/>65,1.178
Colon and Rectum,Age 5,Age <br/>70,1.595
Colon and Rectum,Age 5,Age <br/>75,2.086
Colon and Rectum,Age 5,Age <br/>80,2.659
Colon and Rectum,Age 5,Age <br/>85,3.254
Colon and Rectum,Age 5,Age <br/>90,3.734
Colon and Rectum,Age 5,Age <br/>95,3.989
Colon and Rectum,Age 5,Age <br/>95+,4.097
Colon and Rectum,Age 10,Age <br/>5,
Colon and Rectum,Age 10,Age <br/>10,
Colon and Rectum,Age 10,Age <br/>15,0.002
Colon and Rectum,Age 10,Age <br/>20,0.007
Colon and Rectum,Age 10,Age <br/>25,0.015
Colon and Rectum,Age 10,Age <br/>30,0.03
Colon and Rectum,Age 10,Age <br/>35,0.059
Colon and Rectum,Age 10,Age <br/>40,0.109
Colon and Rectum,Age 10,Age <br/>45,0.197
Colon and Rectum,Age 10,Age <br/>50,0.345
Colon and Rectum,Age 10,Age <br/>55,0.582
Colon and Rectum,Age 10,Age <br/>60,0.851
Colon and Rectum,Age 10,Age <br/>65,1.179
Colon and Rectum,Age 10,Age <br/>70,1.595
Colon and Rectum,Age 10,Age <br/>75,2.087
Colon and Rectum,Age 10,Age <br/>80,2.659
Colon and Rectum,Age 10,Age <br/>85,3.255
Colon and Rectum,Age 10,Age <br/>90,3.736
Colon and Rectum,Age 10,Age <br/>95,3.99
Colon and Rectum,Age 10,Age <br/>95+,4.099
Colon and Rectum,Age 15,Age <br/>5,
Colon and Rectum,Age 15,Age <br/>10,
Colon and Rectum,Age 15,Age <br/>15,
Colon and Rectum,Age 15,Age <br/>20,0.005
Colon and Rectum,Age 15,Age <br/>25,0.013
Colon and Rectum,Age 15,Age <br/>30,0.028
Colon and Rectum,Age 15,Age <br/>35,0.057
Colon and Rectum,Age 15,Age <br/>40,0.107
Colon and Rectum,Age 15,Age <br/>45,0.195
Colon and Rectum,Age 15,Age <br/>50,0.343
Colon and Rectum,Age 15,Age <br/>55,0.58
Colon and Rectum,Age 15,Age <br/>60,0.849
Colon and Rectum,Age 15,Age <br/>65,1.177
Colon and Rectum,Age 15,Age <br/>70,1.594
Colon and Rectum,Age 15,Age <br/>75,2.086
Colon and Rectum,Age 15,Age <br/>80,2.659
Colon and Rectum,Age 15,Age <br/>85,3.255
Colon and Rectum,Age 15,Age <br/>90,3.736
Colon and Rectum,Age 15,Age <br/>95,3.99
Colon and Rectum,Age 15,Age <br/>95+,4.099
Colon and Rectum,Age 20,Age <br/>5,
Colon and Rectum,Age 20,Age <br/>10,
Colon and Rectum,Age 20,Age <br/>15,
Colon and Rectum,Age 20,Age <br/>20,
Colon and Rectum,Age 20,Age <br/>25,0.008
Colon and Rectum,Age 20,Age <br/>30,0.023
Colon and Rectum,Age 20,Age <br/>35,0.052
Colon and Rectum,Age 20,Age <br/>40,0.102
Colon and Rectum,Age 20,Age <br/>45,0.19
Colon and Rectum,Age 20,Age <br/>50,0.338
Colon and Rectum,Age 20,Age <br/>55,0.575
Colon and Rectum,Age 20,Age <br/>60,0.845
Colon and Rectum,Age 20,Age <br/>65,1.173
Colon and Rectum,Age 20,Age <br/>70,1.591
Colon and Rectum,Age 20,Age <br/>75,2.083
Colon and Rectum,Age 20,Age <br/>80,2.657
Colon and Rectum,Age 20,Age <br/>85,3.254
Colon and Rectum,Age 20,Age <br/>90,3.736
Colon and Rectum,Age 20,Age <br/>95,3.991
Colon and Rectum,Age 20,Age <br/>95+,4.1
Colon and Rectum,Age 25,Age <br/>5,
Colon and Rectum,Age 25,Age <br/>10,
Colon and Rectum,Age 25,Age <br/>15,
Colon and Rectum,Age 25,Age <br/>20,
Colon and Rectum,Age 25,Age <br/>25,
Colon and Rectum,Age 25,Age <br/>30,0.015
Colon and Rectum,Age 25,Age <br/>35,0.044
Colon and Rectum,Age 25,Age <br/>40,0.094
Colon and Rectum,Age 25,Age <br/>45,0.182
Colon and Rectum,Age 25,Age <br/>50,0.331
Colon and Rectum,Age 25,Age <br/>55,0.569
Colon and Rectum,Age 25,Age <br/>60,0.839
Colon and Rectum,Age 25,Age <br/>65,1.168
Colon and Rectum,Age 25,Age <br/>70,1.586
Colon and Rectum,Age 25,Age <br/>75,2.08
Colon and Rectum,Age 25,Age <br/>80,2.655
Colon and Rectum,Age 25,Age <br/>85,3.253
Colon and Rectum,Age 25,Age <br/>90,3.736
Colon and Rectum,Age 25,Age <br/>95,3.991
Colon and Rectum,Age 25,Age <br/>95+,4.101
Colon and Rectum,Age 30,Age <br/>5,
Colon and Rectum,Age 30,Age <br/>10,
Colon and Rectum,Age 30,Age <br/>15,
Colon and Rectum,Age 30,Age <br/>20,
Colon and Rectum,Age 30,Age <br/>25,
Colon and Rectum,Age 30,Age <br/>30,
Colon and Rectum,Age 30,Age <br/>35,0.029
Colon and Rectum,Age 30,Age <br/>40,0.079
Colon and Rectum,Age 30,Age <br/>45,0.168
Colon and Rectum,Age 30,Age <br/>50,0.317
Colon and Rectum,Age 30,Age <br/>55,0.555
Colon and Rectum,Age 30,Age <br/>60,0.826
Colon and Rectum,Age 30,Age <br/>65,1.156
Colon and Rectum,Age 30,Age <br/>70,1.576
Colon and Rectum,Age 30,Age <br/>75,2.071
Colon and Rectum,Age 30,Age <br/>80,2.648
Colon and Rectum,Age 30,Age <br/>85,3.247
Colon and Rectum,Age 30,Age <br/>90,3.731
Colon and Rectum,Age 30,Age <br/>95,3.987
Colon and Rectum,Age 30,Age <br/>95+,4.097
Colon and Rectum,Age 35,Age <br/>5,
Colon and Rectum,Age 35,Age <br/>10,
Colon and Rectum,Age 35,Age <br/>15,
Colon and Rectum,Age 35,Age <br/>20,
Colon and Rectum,Age 35,Age <br/>25,
Colon and Rectum,Age 35,Age <br/>30,
Colon and Rectum,Age 35,Age <br/>35,
Colon and Rectum,Age 35,Age <br/>40,0.05
Colon and Rectum,Age 35,Age <br/>45,0.139
Colon and Rectum,Age 35,Age <br/>50,0.288
Colon and Rectum,Age 35,Age <br/>55,0.528
Colon and Rectum,Age 35,Age <br/>60,0.8
Colon and Rectum,Age 35,Age <br/>65,1.131
Colon and Rectum,Age 35,Age <br/>70,1.552
Colon and Rectum,Age 35,Age <br/>75,2.049
Colon and Rectum,Age 35,Age <br/>80,2.628
Colon and Rectum,Age 35,Age <br/>85,3.23
Colon and Rectum,Age 35,Age <br/>90,3.716
Colon and Rectum,Age 35,Age <br/>95,3.973
Colon and Rectum,Age 35,Age <br/>95+,4.083
Colon and Rectum,Age 40,Age <br/>5,
Colon and Rectum,Age 40,Age <br/>10,
Colon and Rectum,Age 40,Age <br/>15,
Colon and Rectum,Age 40,Age <br/>20,
Colon and Rectum,Age 40,Age <br/>25,
Colon and Rectum,Age 40,Age <br/>30,
Colon and Rectum,Age 40,Age <br/>35,
Colon and Rectum,Age 40,Age <br/>40,
Colon and Rectum,Age 40,Age <br/>45,0.089
Colon and Rectum,Age 40,Age <br/>50,0.24
Colon and Rectum,Age 40,Age <br/>55,0.48
Colon and Rectum,Age 40,Age <br/>60,0.754
Colon and Rectum,Age 40,Age <br/>65,1.087
Colon and Rectum,Age 40,Age <br/>70,1.51
Colon and Rectum,Age 40,Age <br/>75,2.01
Colon and Rectum,Age 40,Age <br/>80,2.592
Colon and Rectum,Age 40,Age <br/>85,3.197
Colon and Rectum,Age 40,Age <br/>90,3.686
Colon and Rectum,Age 40,Age <br/>95,3.944
Colon and Rectum,Age 40,Age <br/>95+,4.055
Colon and Rectum,Age 45,Age <br/>5,
Colon and Rectum,Age 45,Age <br/>10,
Colon and Rectum,Age 45,Age <br/>15,
Colon and Rectum,Age 45,Age <br/>20,
Colon and Rectum,Age 45,Age <br/>25,
Colon and Rectum,Age 45,Age <br/>30,
Colon and Rectum,Age 45,Age <br/>35,
Colon and Rectum,Age 45,Age <br/>40,
Colon and Rectum,Age 45,Age <br/>45,
Colon and Rectum,Age 45,Age <br/>50,0.151
Colon and Rectum,Age 45,Age <br/>55,0.394
Colon and Rectum,Age 45,Age <br/>60,0.67
Colon and Rectum,Age 45,Age <br/>65,1.006
Colon and Rectum,Age 45,Age <br/>70,1.433
Colon and Rectum,Age 45,Age <br/>75,1.936
Colon and Rectum,Age 45,Age <br/>80,2.523
Colon and Rectum,Age 45,Age <br/>85,3.133
Colon and Rectum,Age 45,Age <br/>90,3.625
Colon and Rectum,Age 45,Age <br/>95,3.886
Colon and Rectum,Age 45,Age <br/>95+,3.998
Colon and Rectum,Age 50,Age <br/>5,
Colon and Rectum,Age 50,Age <br/>10,
Colon and Rectum,Age 50,Age <br/>15,
Colon and Rectum,Age 50,Age <br/>20,
Colon and Rectum,Age 50,Age <br/>25,
Colon and Rectum,Age 50,Age <br/>30,
Colon and Rectum,Age 50,Age <br/>35,
Colon and Rectum,Age 50,Age <br/>40,
Colon and Rectum,Age 50,Age <br/>45,
Colon and Rectum,Age 50,Age <br/>50,
Colon and Rectum,Age 50,Age <br/>55,0.246
Colon and Rectum,Age 50,Age <br/>60,0.525
Colon and Rectum,Age 50,Age <br/>65,0.865
Colon and Rectum,Age 50,Age <br/>70,1.298
Colon and Rectum,Age 50,Age <br/>75,1.807
Colon and Rectum,Age 50,Age <br/>80,2.402
Colon and Rectum,Age 50,Age <br/>85,3.019
Colon and Rectum,Age 50,Age <br/>90,3.518
Colon and Rectum,Age 50,Age <br/>95,3.782
Colon and Rectum,Age 50,Age <br/>95+,3.895
Colon and Rectum,Age 55,Age <br/>5,
Colon and Rectum,Age 55,Age <br/>10,
Colon and Rectum,Age 55,Age <br/>15,
Colon and Rectum,Age 55,Age <br/>20,
Colon and Rectum,Age 55,Age <br/>25,
Colon and Rectum,Age 55,Age <br/>30,
Colon and Rectum,Age 55,Age <br/>35,
Colon and Rectum,Age 55,Age <br/>40,
Colon and Rectum,Age 55,Age <br/>45,
Colon and Rectum,Age 55,Age <br/>50,
Colon and Rectum,Age 55,Age <br/>55,
Colon and Rectum,Age 55,Age <br/>60,0.285
Colon and Rectum,Age 55,Age <br/>65,0.632
Colon and Rectum,Age 55,Age <br/>70,1.073
Colon and Rectum,Age 55,Age <br/>75,1.593
Colon and Rectum,Age 55,Age <br/>80,2.199
Colon and Rectum,Age 55,Age <br/>85,2.829
Colon and Rectum,Age 55,Age <br/>90,3.338
Colon and Rectum,Age 55,Age <br/>95,3.607
Colon and Rectum,Age 55,Age <br/>95+,3.722
Colon and Rectum,Age 60,Age <br/>5,
Colon and Rectum,Age 60,Age <br/>10,
Colon and Rectum,Age 60,Age <br/>15,
Colon and Rectum,Age 60,Age <br/>20,
Colon and Rectum,Age 60,Age <br/>25,
Colon and Rectum,Age 60,Age <br/>30,
Colon and Rectum,Age 60,Age <br/>35,
Colon and Rectum,Age 60,Age <br/>40,
Colon and Rectum,Age 60,Age <br/>45,
Colon and Rectum,Age 60,Age <br/>50,
Colon and Rectum,Age 60,Age <br/>55,
Colon and Rectum,Age 60,Age <br/>60,
Colon and Rectum,Age 60,Age <br/>65,0.357
Colon and Rectum,Age 60,Age <br/>70,0.811
Colon and Rectum,Age 60,Age <br/>75,1.345
Colon and Rectum,Age 60,Age <br/>80,1.969
Colon and Rectum,Age 60,Age <br/>85,2.617
Colon and Rectum,Age 60,Age <br/>90,3.14
Colon and Rectum,Age 60,Age <br/>95,3.417
Colon and Rectum,Age 60,Age <br/>95+,3.536
Colon and Rectum,Age 65,Age <br/>5,
Colon and Rectum,Age 65,Age <br/>10,
Colon and Rectum,Age 65,Age <br/>15,
Colon and Rectum,Age 65,Age <br/>20,
Colon and Rectum,Age 65,Age <br/>25,
Colon and Rectum,Age 65,Age <br/>30,
Colon and Rectum,Age 65,Age <br/>35,
Colon and Rectum,Age 65,Age <br/>40,
Colon and Rectum,Age 65,Age <br/>45,
Colon and Rectum,Age 65,Age <br/>50,
Colon and Rectum,Age 65,Age <br/>55,
Colon and Rectum,Age 65,Age <br/>60,
Colon and Rectum,Age 65,Age <br/>65,
Colon and Rectum,Age 65,Age <br/>70,0.472
Colon and Rectum,Age 65,Age <br/>75,1.029
Colon and Rectum,Age 65,Age <br/>80,1.678
Colon and Rectum,Age 65,Age <br/>85,2.353
Colon and Rectum,Age 65,Age <br/>90,2.898
Colon and Rectum,Age 65,Age <br/>95,3.186
Colon and Rectum,Age 65,Age <br/>95+,3.31
Colon and Rectum,Age 70,Age <br/>5,
Colon and Rectum,Age 70,Age <br/>10,
Colon and Rectum,Age 70,Age <br/>15,
Colon and Rectum,Age 70,Age <br/>20,
Colon and Rectum,Age 70,Age <br/>25,
Colon and Rectum,Age 70,Age <br/>30,
Colon and Rectum,Age 70,Age <br/>35,
Colon and Rectum,Age 70,Age <br/>40,
Colon and Rectum,Age 70,Age <br/>45,
Colon and Rectum,Age 70,Age <br/>50,
Colon and Rectum,Age 70,Age <br/>55,
Colon and Rectum,Age 70,Age <br/>60,
Colon and Rectum,Age 70,Age <br/>65,
Colon and Rectum,Age 70,Age <br/>70,
Colon and Rectum,Age 70,Age <br/>75,0.591
Colon and Rectum,Age 70,Age <br/>80,1.28
Colon and Rectum,Age 70,Age <br/>85,1.997
Colon and Rectum,Age 70,Age <br/>90,2.575
Colon and Rectum,Age 70,Age <br/>95,2.881
Colon and Rectum,Age 70,Age <br/>95+,3.013
Colon and Rectum,Age 75,Age <br/>5,
Colon and Rectum,Age 75,Age <br/>10,
Colon and Rectum,Age 75,Age <br/>15,
Colon and Rectum,Age 75,Age <br/>20,
Colon and Rectum,Age 75,Age <br/>25,
Colon and Rectum,Age 75,Age <br/>30,
Colon and Rectum,Age 75,Age <br/>35,
Colon and Rectum,Age 75,Age <br/>40,
Colon and Rectum,Age 75,Age <br/>45,
Colon and Rectum,Age 75,Age <br/>50,
Colon and Rectum,Age 75,Age <br/>55,
Colon and Rectum,Age 75,Age <br/>60,
Colon and Rectum,Age 75,Age <br/>65,
Colon and Rectum,Age 75,Age <br/>70,
Colon and Rectum,Age 75,Age <br/>75,
Colon and Rectum,Age 75,Age <br/>80,0.758
Colon and Rectum,Age 75,Age <br/>85,1.545
Colon and Rectum,Age 75,Age <br/>90,2.182
Colon and Rectum,Age 75,Age <br/>95,2.518
Colon and Rectum,Age 75,Age <br/>95+,2.663
Colon and Rectum,Age 80,Age <br/>5,
Colon and Rectum,Age 80,Age <br/>10,
Colon and Rectum,Age 80,Age <br/>15,
Colon and Rectum,Age 80,Age <br/>20,
Colon and Rectum,Age 80,Age <br/>25,
Colon and Rectum,Age 80,Age <br/>30,
Colon and Rectum,Age 80,Age <br/>35,
Colon and Rectum,Age 80,Age <br/>40,
Colon and Rectum,Age 80,Age <br/>45,
Colon and Rectum,Age 80,Age <br/>50,
Colon and Rectum,Age 80,Age <br/>55,
Colon and Rectum,Age 80,Age <br/>60,
Colon and Rectum,Age 80,Age <br/>65,
Colon and Rectum,Age 80,Age <br/>70,
Colon and Rectum,Age 80,Age <br/>75,
Colon and Rectum,Age 80,Age <br/>80,
Colon and Rectum,Age 80,Age <br/>85,0.921
Colon and Rectum,Age 80,Age <br/>90,1.665
Colon and Rectum,Age 80,Age <br/>95,2.058
Colon and Rectum,Age 80,Age <br/>95+,2.227
Colon and Rectum,Age 85,Age <br/>5,
Colon and Rectum,Age 85,Age <br/>10,
Colon and Rectum,Age 85,Age <br/>15,
Colon and Rectum,Age 85,Age <br/>20,
Colon and Rectum,Age 85,Age <br/>25,
Colon and Rectum,Age 85,Age <br/>30,
Colon and Rectum,Age 85,Age <br/>35,
Colon and Rectum,Age 85,Age <br/>40,
Colon and Rectum,Age 85,Age <br/>45,
Colon and Rectum,Age 85,Age <br/>50,
Colon and Rectum,Age 85,Age <br/>55,
Colon and Rectum,Age 85,Age <br/>60,
Colon and Rectum,Age 85,Age <br/>65,
Colon and Rectum,Age 85,Age <br/>70,
Colon and Rectum,Age 85,Age <br/>75,
Colon and Rectum,Age 85,Age <br/>80,
Colon and Rectum,Age 85,Age <br/>85,
Colon and Rectum,Age 85,Age <br/>90,0.971
Colon and Rectum,Age 85,Age <br/>95,1.485
Colon and Rectum,Age 85,Age <br/>95+,1.705
Colon and Rectum,Age 90,Age <br/>5,
Colon and Rectum,Age 90,Age <br/>10,
Colon and Rectum,Age 90,Age <br/>15,
Colon and Rectum,Age 90,Age <br/>20,
Colon and Rectum,Age 90,Age <br/>25,
Colon and Rectum,Age 90,Age <br/>30,
Colon and Rectum,Age 90,Age <br/>35,
Colon and Rectum,Age 90,Age <br/>40,
Colon and Rectum,Age 90,Age <br/>45,
Colon and Rectum,Age 90,Age <br/>50,
Colon and Rectum,Age 90,Age <br/>55,
Colon and Rectum,Age 90,Age <br/>60,
Colon and Rectum,Age 90,Age <br/>65,
Colon and Rectum,Age 90,Age <br/>70,
Colon and Rectum,Age 90,Age <br/>75,
Colon and Rectum,Age 90,Age <br/>80,
Colon and Rectum,Age 90,Age <br/>85,
Colon and Rectum,Age 90,Age <br/>90,
Colon and Rectum,Age 90,Age <br/>95,0.82
Colon and Rectum,Age 90,Age <br/>95+,1.171
Colon and Rectum,Age 95,Age <br/>5,
Colon and Rectum,Age 95,Age <br/>10,
Colon and Rectum,Age 95,Age <br/>15,
Colon and Rectum,Age 95,Age <br/>20,
Colon and Rectum,Age 95,Age <br/>25,
Colon and Rectum,Age 95,Age <br/>30,
Colon and Rectum,Age 95,Age <br/>35,
Colon and Rectum,Age 95,Age <br/>40,
Colon and Rectum,Age 95,Age <br/>45,
Colon and Rectum,Age 95,Age <br/>50,
Colon and Rectum,Age 95,Age <br/>55,
Colon and Rectum,Age 95,Age <br/>60,
Colon and Rectum,Age 95,Age <br/>65,
Colon and Rectum,Age 95,Age <br/>70,
Colon and Rectum,Age 95,Age <br/>75,
Colon and Rectum,Age 95,Age <br/>80,
Colon and Rectum,Age 95,Age <br/>85,
Colon and Rectum,Age 95,Age <br/>90,
Colon and Rectum,Age 95,Age <br/>95,
Colon and Rectum,Age 95,Age <br/>95+,0.77
Lung and Bronchus,Age 0,Age <br/>5,0
Lung and Bronchus,Age 0,Age <br/>10,0.001
Lung and Bronchus,Age 0,Age <br/>15,0.001
Lung and Bronchus,Age 0,Age <br/>20,0.002
Lung and Bronchus,Age 0,Age <br/>25,0.003
Lung and Bronchus,Age 0,Age <br/>30,0.006
Lung and Bronchus,Age 0,Age <br/>35,0.013
Lung and Bronchus,Age 0,Age <br/>40,0.027
Lung and Bronchus,Age 0,Age <br/>45,0.061
Lung and Bronchus,Age 0,Age <br/>50,0.149
Lung and Bronchus,Age 0,Age <br/>55,0.347
Lung and Bronchus,Age 0,Age <br/>60,0.685
Lung and Bronchus,Age 0,Age <br/>65,1.186
Lung and Bronchus,Age 0,Age <br/>70,1.951
Lung and Bronchus,Age 0,Age <br/>75,2.981
Lung and Bronchus,Age 0,Age <br/>80,4.069
Lung and Bronchus,Age 0,Age <br/>85,4.985
Lung and Bronchus,Age 0,Age <br/>90,5.554
Lung and Bronchus,Age 0,Age <br/>95,5.784
Lung and Bronchus,Age 0,Age <br/>95+,5.871
Lung and Bronchus,Age 5,Age <br/>5,
Lung and Bronchus,Age 5,Age <br/>10,0
Lung and Bronchus,Age 5,Age <br/>15,0.001
Lung and Bronchus,Age 5,Age <br/>20,0.001
Lung and Bronchus,Age 5,Age <br/>25,0.003
Lung and Bronchus,Age 5,Age <br/>30,0.006
Lung and Bronchus,Age 5,Age <br/>35,0.012
Lung and Bronchus,Age 5,Age <br/>40,0.027
Lung and Bronchus,Age 5,Age <br/>45,0.061
Lung and Bronchus,Age 5,Age <br/>50,0.149
Lung and Bronchus,Age 5,Age <br/>55,0.349
Lung and Bronchus,Age 5,Age <br/>60,0.691
Lung and Bronchus,Age 5,Age <br/>65,1.196
Lung and Bronchus,Age 5,Age <br/>70,1.969
Lung and Bronchus,Age 5,Age <br/>75,3.009
Lung and Bronchus,Age 5,Age <br/>80,4.106
Lung and Bronchus,Age 5,Age <br/>85,5.031
Lung and Bronchus,Age 5,Age <br/>90,5.605
Lung and Bronchus,Age 5,Age <br/>95,5.837
Lung and Bronchus,Age 5,Age <br/>95+,5.925
Lung and Bronchus,Age 10,Age <br/>5,
Lung and Bronchus,Age 10,Age <br/>10,
Lung and Bronchus,Age 10,Age <br/>15,0
Lung and Bronchus,Age 10,Age <br/>20,0.001
Lung and Bronchus,Age 10,Age <br/>25,0.003
Lung and Bronchus,Age 10,Age <br/>30,0.006
Lung and Bronchus,Age 10,Age <br/>35,0.012
Lung and Bronchus,Age 10,Age <br/>40,0.026
Lung and Bronchus,Age 10,Age <br/>45,0.061
Lung and Bronchus,Age 10,Age <br/>50,0.149
Lung and Bronchus,Age 10,Age <br/>55,0.349
Lung and Bronchus,Age 10,Age <br/>60,0.691
Lung and Bronchus,Age 10,Age <br/>65,1.197
Lung and Bronchus,Age 10,Age <br/>70,1.97
Lung and Bronchus,Age 10,Age <br/>75,3.01
Lung and Bronchus,Age 10,Age <br/>80,4.108
Lung and Bronchus,Age 10,Age <br/>85,5.033
Lung and Bronchus,Age 10,Age <br/>90,5.608
Lung and Bronchus,Age 10,Age <br/>95,5.84
Lung and Bronchus,Age 10,Age <br/>95+,5.928
Lung and Bronchus,Age 15,Age <br/>5,
Lung and Bronchus,Age 15,Age <br/>10,
Lung and Bronchus,Age 15,Age <br/>15,
Lung and Bronchus,Age 15,Age <br/>20,0.001
Lung and Bronchus,Age 15,Age <br/>25,0.002
Lung and Bronchus,Age 15,Age <br/>30,0.005
Lung and Bronchus,Age 15,Age <br/>35,0.012
Lung and Bronchus,Age 15,Age <br/>40,0.026
Lung and Bronchus,Age 15,Age <br/>45,0.061
Lung and Bronchus,Age 15,Age <br/>50,0.149
Lung and Bronchus,Age 15,Age <br/>55,0.349
Lung and Bronchus,Age 15,Age <br/>60,0.691
Lung and Bronchus,Age 15,Age <br/>65,1.197
Lung and Bronchus,Age 15,Age <br/>70,1.97
Lung and Bronchus,Age 15,Age <br/>75,3.012
Lung and Bronchus,Age 15,Age <br/>80,4.111
Lung and Bronchus,Age 15,Age <br/>85,5.036
Lung and Bronchus,Age 15,Age <br/>90,5.611
Lung and Bronchus,Age 15,Age <br/>95,5.843
Lung and Bronchus,Age 15,Age <br/>95+,5.931
Lung and Bronchus,Age 20,Age <br/>5,
Lung and Bronchus,Age 20,Age <br/>10,
Lung and Bronchus,Age 20,Age <br/>15,
Lung and Bronchus,Age 20,Age <br/>20,
Lung and Bronchus,Age 20,Age <br/>25,0.002
Lung and Bronchus,Age 20,Age <br/>30,0.005
Lung and Bronchus,Age 20,Age <br/>35,0.011
Lung and Bronchus,Age 20,Age <br/>40,0.025
Lung and Bronchus,Age 20,Age <br/>45,0.06
Lung and Bronchus,Age 20,Age <br/>50,0.149
Lung and Bronchus,Age 20,Age <br/>55,0.349
Lung and Bronchus,Age 20,Age <br/>60,0.692
Lung and Bronchus,Age 20,Age <br/>65,1.198
Lung and Bronchus,Age 20,Age <br/>70,1.972
Lung and Bronchus,Age 20,Age <br/>75,3.015
Lung and Bronchus,Age 20,Age <br/>80,4.115
Lung and Bronchus,Age 20,Age <br/>85,5.042
Lung and Bronchus,Age 20,Age <br/>90,5.617
Lung and Bronchus,Age 20,Age <br/>95,5.85
Lung and Bronchus,Age 20,Age <br/>95+,5.938
Lung and Bronchus,Age 25,Age <br/>5,
Lung and Bronchus,Age 25,Age <br/>10,
Lung and Bronchus,Age 25,Age <br/>15,
Lung and Bronchus,Age 25,Age <br/>20,
Lung and Bronchus,Age 25,Age <br/>25,
Lung and Bronchus,Age 25,Age <br/>30,0.003
Lung and Bronchus,Age 25,Age <br/>35,0.01
Lung and Bronchus,Age 25,Age <br/>40,0.024
Lung and Bronchus,Age 25,Age <br/>45,0.059
Lung and Bronchus,Age 25,Age <br/>50,0.147
Lung and Bronchus,Age 25,Age <br/>55,0.348
Lung and Bronchus,Age 25,Age <br/>60,0.691
Lung and Bronchus,Age 25,Age <br/>65,1.199
Lung and Bronchus,Age 25,Age <br/>70,1.975
Lung and Bronchus,Age 25,Age <br/>75,3.019
Lung and Bronchus,Age 25,Age <br/>80,4.122
Lung and Bronchus,Age 25,Age <br/>85,5.051
Lung and Bronchus,Age 25,Age <br/>90,5.627
Lung and Bronchus,Age 25,Age <br/>95,5.861
Lung and Bronchus,Age 25,Age <br/>95+,5.949
Lung and Bronchus,Age 30,Age <br/>5,
Lung and Bronchus,Age 30,Age <br/>10,
Lung and Bronchus,Age 30,Age <br/>15,
Lung and Bronchus,Age 30,Age <br/>20,
Lung and Bronchus,Age 30,Age <br/>25,
Lung and Bronchus,Age 30,Age <br/>30,
Lung and Bronchus,Age 30,Age <br/>35,0.007
Lung and Bronchus,Age 30,Age <br/>40,0.021
Lung and Bronchus,Age 30,Age <br/>45,0.056
Lung and Bronchus,Age 30,Age <br/>50,0.144
Lung and Bronchus,Age 30,Age <br/>55,0.346
Lung and Bronchus,Age 30,Age <br/>60,0.69
Lung and Bronchus,Age 30,Age <br/>65,1.199
Lung and Bronchus,Age 30,Age <br/>70,1.977
Lung and Bronchus,Age 30,Age <br/>75,3.024
Lung and Bronchus,Age 30,Age <br/>80,4.13
Lung and Bronchus,Age 30,Age <br/>85,5.061
Lung and Bronchus,Age 30,Age <br/>90,5.639
Lung and Bronchus,Age 30,Age <br/>95,5.874
Lung and Bronchus,Age 30,Age <br/>95+,5.962
Lung and Bronchus,Age 35,Age <br/>5,
Lung and Bronchus,Age 35,Age <br/>10,
Lung and Bronchus,Age 35,Age <br/>15,
Lung and Bronchus,Age 35,Age <br/>20,
Lung and Bronchus,Age 35,Age <br/>25,
Lung and Bronchus,Age 35,Age <br/>30,
Lung and Bronchus,Age 35,Age <br/>35,
Lung and Bronchus,Age 35,Age <br/>40,0.014
Lung and Bronchus,Age 35,Age <br/>45,0.049
Lung and Bronchus,Age 35,Age <br/>50,0.139
Lung and Bronchus,Age 35,Age <br/>55,0.341
Lung and Bronchus,Age 35,Age <br/>60,0.686
Lung and Bronchus,Age 35,Age <br/>65,1.197
Lung and Bronchus,Age 35,Age <br/>70,1.978
Lung and Bronchus,Age 35,Age <br/>75,3.029
Lung and Bronchus,Age 35,Age <br/>80,4.139
Lung and Bronchus,Age 35,Age <br/>85,5.073
Lung and Bronchus,Age 35,Age <br/>90,5.653
Lung and Bronchus,Age 35,Age <br/>95,5.888
Lung and Bronchus,Age 35,Age <br/>95+,5.977
Lung and Bronchus,Age 40,Age <br/>5,
Lung and Bronchus,Age 40,Age <br/>10,
Lung and Bronchus,Age 40,Age <br/>15,
Lung and Bronchus,Age 40,Age <br/>20,
Lung and Bronchus,Age 40,Age <br/>25,
Lung and Bronchus,Age 40,Age <br/>30,
Lung and Bronchus,Age 40,Age <br/>35,
Lung and Bronchus,Age 40,Age <br/>40,
Lung and Bronchus,Age 40,Age <br/>45,0.035
Lung and Bronchus,Age 40,Age <br/>50,0.125
Lung and Bronchus,Age 40,Age <br/>55,0.328
Lung and Bronchus,Age 40,Age <br/>60,0.675
Lung and Bronchus,Age 40,Age <br/>65,1.188
Lung and Bronchus,Age 40,Age <br/>70,1.973
Lung and Bronchus,Age 40,Age <br/>75,3.03
Lung and Bronchus,Age 40,Age <br/>80,4.145
Lung and Bronchus,Age 40,Age <br/>85,5.084
Lung and Bronchus,Age 40,Age <br/>90,5.668
Lung and Bronchus,Age 40,Age <br/>95,5.904
Lung and Bronchus,Age 40,Age <br/>95+,5.993
Lung and Bronchus,Age 45,Age <br/>5,
Lung and Bronchus,Age 45,Age <br/>10,
Lung and Bronchus,Age 45,Age <br/>15,
Lung and Bronchus,Age 45,Age <br/>20,
Lung and Bronchus,Age 45,Age <br/>25,
Lung and Bronchus,Age 45,Age <br/>30,
Lung and Bronchus,Age 45,Age <br/>35,
Lung and Bronchus,Age 45,Age <br/>40,
Lung and Bronchus,Age 45,Age <br/>45,
Lung and Bronchus,Age 45,Age <br/>50,0.09
Lung and Bronchus,Age 45,Age <br/>55,0.295
Lung and Bronchus,Age 45,Age <br/>60,0.645
Lung and Bronchus,Age 45,Age <br/>65,1.162
Lung and Bronchus,Age 45,Age <br/>70,1.953
Lung and Bronchus,Age 45,Age <br/>75,3.017
Lung and Bronchus,Age 45,Age <br/>80,4.141
Lung and Bronchus,Age 45,Age <br/>85,5.087
Lung and Bronchus,Age 45,Age <br/>90,5.675
Lung and Bronchus,Age 45,Age <br/>95,5.913
Lung and Bronchus,Age 45,Age <br/>95+,6.002
Lung and Bronchus,Age 50,Age <br/>5,
Lung and Bronchus,Age 50,Age <br/>10,
Lung and Bronchus,Age 50,Age <br/>15,
Lung and Bronchus,Age 50,Age <br/>20,
Lung and Bronchus,Age 50,Age <br/>25,
Lung and Bronchus,Age 50,Age <br/>30,
Lung and Bronchus,Age 50,Age <br/>35,
Lung and Bronchus,Age 50,Age <br/>40,
Lung and Bronchus,Age 50,Age <br/>45,
Lung and Bronchus,Age 50,Age <br/>50,
Lung and Bronchus,Age 50,Age <br/>55,0.207
Lung and Bronchus,Age 50,Age <br/>60,0.561
Lung and Bronchus,Age 50,Age <br/>65,1.084
Lung and Bronchus,Age 50,Age <br/>70,1.885
Lung and Bronchus,Age 50,Age <br/>75,2.962
Lung and Bronchus,Age 50,Age <br/>80,4.099
Lung and Bronchus,Age 50,Age <br/>85,5.057
Lung and Bronchus,Age 50,Age <br/>90,5.651
Lung and Bronchus,Age 50,Age <br/>95,5.892
Lung and Bronchus,Age 50,Age <br/>95+,5.983
Lung and Bronchus,Age 55,Age <br/>5,
Lung and Bronchus,Age 55,Age <br/>10,
Lung and Bronchus,Age 55,Age <br/>15,
Lung and Bronchus,Age 55,Age <br/>20,
Lung and Bronchus,Age 55,Age <br/>25,
Lung and Bronchus,Age 55,Age <br/>30,
Lung and Bronchus,Age 55,Age <br/>35,
Lung and Bronchus,Age 55,Age <br/>40,
Lung and Bronchus,Age 55,Age <br/>45,
Lung and Bronchus,Age 55,Age <br/>50,
Lung and Bronchus,Age 55,Age <br/>55,
Lung and Bronchus,Age 55,Age <br/>60,0.361
Lung and Bronchus,Age 55,Age <br/>65,0.894
Lung and Bronchus,Age 55,Age <br/>70,1.709
Lung and Bronchus,Age 55,Age <br/>75,2.807
Lung and Bronchus,Age 55,Age <br/>80,3.966
Lung and Bronchus,Age 55,Age <br/>85,4.941
Lung and Bronchus,Age 55,Age <br/>90,5.547
Lung and Bronchus,Age 55,Age <br/>95,5.793
Lung and Bronchus,Age 55,Age <br/>95+,5.885
Lung and Bronchus,Age 60,Age <br/>5,
Lung and Bronchus,Age 60,Age <br/>10,
Lung and Bronchus,Age 60,Age <br/>15,
Lung and Bronchus,Age 60,Age <br/>20,
Lung and Bronchus,Age 60,Age <br/>25,
Lung and Bronchus,Age 60,Age <br/>30,
Lung and Bronchus,Age 60,Age <br/>35,
Lung and Bronchus,Age 60,Age <br/>40,
Lung and Bronchus,Age 60,Age <br/>45,
Lung and Bronchus,Age 60,Age <br/>50,
Lung and Bronchus,Age 60,Age <br/>55,
Lung and Bronchus,Age 60,Age <br/>60,
Lung and Bronchus,Age 60,Age <br/>65,0.548
Lung and Bronchus,Age 60,Age <br/>70,1.386
Lung and Bronchus,Age 60,Age <br/>75,2.515
Lung and Bronchus,Age 60,Age <br/>80,3.706
Lung and Bronchus,Age 60,Age <br/>85,4.709
Lung and Bronchus,Age 60,Age <br/>90,5.332
Lung and Bronchus,Age 60,Age <br/>95,5.584
Lung and Bronchus,Age 60,Age <br/>95+,5.679
Lung and Bronchus,Age 65,Age <br/>5,
Lung and Bronchus,Age 65,Age <br/>10,
Lung and Bronchus,Age 65,Age <br/>15,
Lung and Bronchus,Age 65,Age <br/>20,
Lung and Bronchus,Age 65,Age <br/>25,
Lung and Bronchus,Age 65,Age <br/>30,
Lung and Bronchus,Age 65,Age <br/>35,
Lung and Bronchus,Age 65,Age <br/>40,
Lung and Bronchus,Age 65,Age <br/>45,
Lung and Bronchus,Age 65,Age <br/>50,
Lung and Bronchus,Age 65,Age <br/>55,
Lung and Bronchus,Age 65,Age <br/>60,
Lung and Bronchus,Age 65,Age <br/>65,
Lung and Bronchus,Age 65,Age <br/>70,0.872
Lung and Bronchus,Age 65,Age <br/>75,2.047
Lung and Bronchus,Age 65,Age <br/>80,3.286
Lung and Bronchus,Age 65,Age <br/>85,4.33
Lung and Bronchus,Age 65,Age <br/>90,4.978
Lung and Bronchus,Age 65,Age <br/>95,5.24
Lung and Bronchus,Age 65,Age <br/>95+,5.339
Lung and Bronchus,Age 70,Age <br/>5,
Lung and Bronchus,Age 70,Age <br/>10,
Lung and Bronchus,Age 70,Age <br/>15,
Lung and Bronchus,Age 70,Age <br/>20,
Lung and Bronchus,Age 70,Age <br/>25,
Lung and Bronchus,Age 70,Age <br/>30,
Lung and Bronchus,Age 70,Age <br/>35,
Lung and Bronchus,Age 70,Age <br/>40,
Lung and Bronchus,Age 70,Age <br/>45,
Lung and Bronchus,Age 70,Age <br/>50,
Lung and Bronchus,Age 70,Age <br/>55,
Lung and Bronchus,Age 70,Age <br/>60,
Lung and Bronchus,Age 70,Age <br/>65,
Lung and Bronchus,Age 70,Age <br/>70,
Lung and Bronchus,Age 70,Age <br/>75,1.247
Lung and Bronchus,Age 70,Age <br/>80,2.563
Lung and Bronchus,Age 70,Age <br/>85,3.671
Lung and Bronchus,Age 70,Age <br/>90,4.359
Lung and Bronchus,Age 70,Age <br/>95,4.638
Lung and Bronchus,Age 70,Age <br/>95+,4.742
Lung and Bronchus,Age 75,Age <br/>5,
Lung and Bronchus,Age 75,Age <br/>10,
Lung and Bronchus,Age 75,Age <br/>15,
Lung and Bronchus,Age 75,Age <br/>20,
Lung and Bronchus,Age 75,Age <br/>25,
Lung and Bronchus,Age 75,Age <br/>30,
Lung and Bronchus,Age 75,Age <br/>35,
Lung and Bronchus,Age 75,Age <br/>40,
Lung and Bronchus,Age 75,Age <br/>45,
Lung and Bronchus,Age 75,Age <br/>50,
Lung and Bronchus,Age 75,Age <br/>55,
Lung and Bronchus,Age 75,Age <br/>60,
Lung and Bronchus,Age 75,Age <br/>65,
Lung and Bronchus,Age 75,Age <br/>70,
Lung and Bronchus,Age 75,Age <br/>75,
Lung and Bronchus,Age 75,Age <br/>80,1.448
Lung and Bronchus,Age 75,Age <br/>85,2.666
Lung and Bronchus,Age 75,Age <br/>90,3.423
Lung and Bronchus,Age 75,Age <br/>95,3.73
Lung and Bronchus,Age 75,Age <br/>95+,3.845
Lung and Bronchus,Age 80,Age <br/>5,
Lung and Bronchus,Age 80,Age <br/>10,
Lung and Bronchus,Age 80,Age <br/>15,
Lung and Bronchus,Age 80,Age <br/>20,
Lung and Bronchus,Age 80,Age <br/>25,
Lung and Bronchus,Age 80,Age <br/>30,
Lung and Bronchus,Age 80,Age <br/>35,
Lung and Bronchus,Age 80,Age <br/>40,
Lung and Bronchus,Age 80,Age <br/>45,
Lung and Bronchus,Age 80,Age <br/>50,
Lung and Bronchus,Age 80,Age <br/>55,
Lung and Bronchus,Age 80,Age <br/>60,
Lung and Bronchus,Age 80,Age <br/>65,
Lung and Bronchus,Age 80,Age <br/>70,
Lung and Bronchus,Age 80,Age <br/>75,
Lung and Bronchus,Age 80,Age <br/>80,
Lung and Bronchus,Age 80,Age <br/>85,1.424
Lung and Bronchus,Age 80,Age <br/>90,2.308
Lung and Bronchus,Age 80,Age <br/>95,2.666
Lung and Bronchus,Age 80,Age <br/>95+,2.801
Lung and Bronchus,Age 85,Age <br/>5,
Lung and Bronchus,Age 85,Age <br/>10,
Lung and Bronchus,Age 85,Age <br/>15,
Lung and Bronchus,Age 85,Age <br/>20,
Lung and Bronchus,Age 85,Age <br/>25,
Lung and Bronchus,Age 85,Age <br/>30,
Lung and Bronchus,Age 85,Age <br/>35,
Lung and Bronchus,Age 85,Age <br/>40,
Lung and Bronchus,Age 85,Age <br/>45,
Lung and Bronchus,Age 85,Age <br/>50,
Lung and Bronchus,Age 85,Age <br/>55,
Lung and Bronchus,Age 85,Age <br/>60,
Lung and Bronchus,Age 85,Age <br/>65,
Lung and Bronchus,Age 85,Age <br/>70,
Lung and Bronchus,Age 85,Age <br/>75,
Lung and Bronchus,Age 85,Age <br/>80,
Lung and Bronchus,Age 85,Age <br/>85,
Lung and Bronchus,Age 85,Age <br/>90,1.151
Lung and Bronchus,Age 85,Age <br/>95,1.617
Lung and Bronchus,Age 85,Age <br/>95+,1.793
Lung and Bronchus,Age 90,Age <br/>5,
Lung and Bronchus,Age 90,Age <br/>10,
Lung and Bronchus,Age 90,Age <br/>15,
Lung and Bronchus,Age 90,Age <br/>20,
Lung and Bronchus,Age 90,Age <br/>25,
Lung and Bronchus,Age 90,Age <br/>30,
Lung and Bronchus,Age 90,Age <br/>35,
Lung and Bronchus,Age 90,Age <br/>40,
Lung and Bronchus,Age 90,Age <br/>45,
Lung and Bronchus,Age 90,Age <br/>50,
Lung and Bronchus,Age 90,Age <br/>55,
Lung and Bronchus,Age 90,Age <br/>60,
Lung and Bronchus,Age 90,Age <br/>65,
Lung and Bronchus,Age 90,Age <br/>70,
Lung and Bronchus,Age 90,Age <br/>75,
Lung and Bronchus,Age 90,Age <br/>80,
Lung and Bronchus,Age 90,Age <br/>85,
Lung and Bronchus,Age 90,Age <br/>90,
Lung and Bronchus,Age 90,Age <br/>95,0.74
Lung and Bronchus,Age 90,Age <br/>95+,1.019
Lung and Bronchus,Age 95,Age <br/>5,
Lung and Bronchus,Age 95,Age <br/>10,
Lung and Bronchus,Age 95,Age <br/>15,
Lung and Bronchus,Age 95,Age <br/>20,
Lung and Bronchus,Age 95,Age <br/>25,
Lung and Bronchus,Age 95,Age <br/>30,
Lung and Bronchus,Age 95,Age <br/>35,
Lung and Bronchus,Age 95,Age <br/>40,
Lung and Bronchus,Age 95,Age <br/>45,
Lung and Bronchus,Age 95,Age <br/>50,
Lung and Bronchus,Age 95,Age <br/>55,
Lung and Bronchus,Age 95,Age <br/>60,
Lung and Bronchus,Age 95,Age <br/>65,
Lung and Bronchus,Age 95,Age <br/>70,
Lung and Bronchus,Age 95,Age <br/>75,
Lung and Bronchus,Age 95,Age <br/>80,
Lung and Bronchus,Age 95,Age <br/>85,
Lung and Bronchus,Age 95,Age <br/>90,
Lung and Bronchus,Age 95,Age <br/>95,
Lung and Bronchus,Age 95,Age <br/>95+,0.609
Ovary,Age 0,Age <br/>5,0.001
Ovary,Age 0,Age <br/>10,0.002
Ovary,Age 0,Age <br/>15,0.006
Ovary,Age 0,Age <br/>20,0.013
Ovary,Age 0,Age <br/>25,0.022
Ovary,Age 0,Age <br/>30,0.035
Ovary,Age 0,Age <br/>35,0.052
Ovary,Age 0,Age <br/>40,0.076
Ovary,Age 0,Age <br/>45,0.119
Ovary,Age 0,Age <br/>50,0.184
Ovary,Age 0,Age <br/>55,0.277
Ovary,Age 0,Age <br/>60,0.388
Ovary,Age 0,Age <br/>65,0.518
Ovary,Age 0,Age <br/>70,0.666
Ovary,Age 0,Age <br/>75,0.821
Ovary,Age 0,Age <br/>80,0.974
Ovary,Age 0,Age <br/>85,1.11
Ovary,Age 0,Age <br/>90,1.205
Ovary,Age 0,Age <br/>95,1.249
Ovary,Age 0,Age <br/>95+,1.268
Ovary,Age 5,Age <br/>5,
Ovary,Age 5,Age <br/>10,0.001
Ovary,Age 5,Age <br/>15,0.005
Ovary,Age 5,Age <br/>20,0.013
Ovary,Age 5,Age <br/>25,0.022
Ovary,Age 5,Age <br/>30,0.035
Ovary,Age 5,Age <br/>35,0.051
Ovary,Age 5,Age <br/>40,0.076
Ovary,Age 5,Age <br/>45,0.119
Ovary,Age 5,Age <br/>50,0.186
Ovary,Age 5,Age <br/>55,0.279
Ovary,Age 5,Age <br/>60,0.391
Ovary,Age 5,Age <br/>65,0.522
Ovary,Age 5,Age <br/>70,0.671
Ovary,Age 5,Age <br/>75,0.828
Ovary,Age 5,Age <br/>80,0.983
Ovary,Age 5,Age <br/>85,1.12
Ovary,Age 5,Age <br/>90,1.216
Ovary,Age 5,Age <br/>95,1.26
Ovary,Age 5,Age <br/>95+,1.279
Ovary,Age 10,Age <br/>5,
Ovary,Age 10,Age <br/>10,
Ovary,Age 10,Age <br/>15,0.004
Ovary,Age 10,Age <br/>20,0.011
Ovary,Age 10,Age <br/>25,0.021
Ovary,Age 10,Age <br/>30,0.033
Ovary,Age 10,Age <br/>35,0.05
Ovary,Age 10,Age <br/>40,0.074
Ovary,Age 10,Age <br/>45,0.118
Ovary,Age 10,Age <br/>50,0.184
Ovary,Age 10,Age <br/>55,0.278
Ovary,Age 10,Age <br/>60,0.39
Ovary,Age 10,Age <br/>65,0.521
Ovary,Age 10,Age <br/>70,0.67
Ovary,Age 10,Age <br/>75,0.827
Ovary,Age 10,Age <br/>80,0.982
Ovary,Age 10,Age <br/>85,1.119
Ovary,Age 10,Age <br/>90,1.215
Ovary,Age 10,Age <br/>95,1.259
Ovary,Age 10,Age <br/>95+,1.278
Ovary,Age 15,Age <br/>5,
Ovary,Age 15,Age <br/>10,
Ovary,Age 15,Age <br/>15,
Ovary,Age 15,Age <br/>20,0.007
Ovary,Age 15,Age <br/>25,0.017
Ovary,Age 15,Age <br/>30,0.029
Ovary,Age 15,Age <br/>35,0.046
Ovary,Age 15,Age <br/>40,0.07
Ovary,Age 15,Age <br/>45,0.114
Ovary,Age 15,Age <br/>50,0.18
Ovary,Age 15,Age <br/>55,0.274
Ovary,Age 15,Age <br/>60,0.386
Ovary,Age 15,Age <br/>65,0.517
Ovary,Age 15,Age <br/>70,0.667
Ovary,Age 15,Age <br/>75,0.824
Ovary,Age 15,Age <br/>80,0.979
Ovary,Age 15,Age <br/>85,1.116
Ovary,Age 15,Age <br/>90,1.212
Ovary,Age 15,Age <br/>95,1.256
Ovary,Age 15,Age <br/>95+,1.275
Ovary,Age 20,Age <br/>5,
Ovary,Age 20,Age <br/>10,
Ovary,Age 20,Age <br/>15,
Ovary,Age 20,Age <br/>20,
Ovary,Age 20,Age <br/>25,0.009
Ovary,Age 20,Age <br/>30,0.022
Ovary,Age 20,Age <br/>35,0.039
Ovary,Age 20,Age <br/>40,0.063
Ovary,Age 20,Age <br/>45,0.107
Ovary,Age 20,Age <br/>50,0.173
Ovary,Age 20,Age <br/>55,0.267
Ovary,Age 20,Age <br/>60,0.379
Ovary,Age 20,Age <br/>65,0.511
Ovary,Age 20,Age <br/>70,0.66
Ovary,Age 20,Age <br/>75,0.818
Ovary,Age 20,Age <br/>80,0.973
Ovary,Age 20,Age <br/>85,1.11
Ovary,Age 20,Age <br/>90,1.207
Ovary,Age 20,Age <br/>95,1.251
Ovary,Age 20,Age <br/>95+,1.269
Ovary,Age 25,Age <br/>5,
Ovary,Age 25,Age <br/>10,
Ovary,Age 25,Age <br/>15,
Ovary,Age 25,Age <br/>20,
Ovary,Age 25,Age <br/>25,
Ovary,Age 25,Age <br/>30,0.013
Ovary,Age 25,Age <br/>35,0.03
Ovary,Age 25,Age <br/>40,0.054
Ovary,Age 25,Age <br/>45,0.098
Ovary,Age 25,Age <br/>50,0.164
Ovary,Age 25,Age <br/>55,0.258
Ovary,Age 25,Age <br/>60,0.37
Ovary,Age 25,Age <br/>65,0.502
Ovary,Age 25,Age <br/>70,0.652
Ovary,Age 25,Age <br/>75,0.81
Ovary,Age 25,Age <br/>80,0.965
Ovary,Age 25,Age <br/>85,1.103
Ovary,Age 25,Age <br/>90,1.2
Ovary,Age 25,Age <br/>95,1.244
Ovary,Age 25,Age <br/>95+,1.263
Ovary,Age 30,Age <br/>5,
Ovary,Age 30,Age <br/>10,
Ovary,Age 30,Age <br/>15,
Ovary,Age 30,Age <br/>20,
Ovary,Age 30,Age <br/>25,
Ovary,Age 30,Age <br/>30,
Ovary,Age 30,Age <br/>35,0.017
Ovary,Age 30,Age <br/>40,0.041
Ovary,Age 30,Age <br/>45,0.085
Ovary,Age 30,Age <br/>50,0.152
Ovary,Age 30,Age <br/>55,0.246
Ovary,Age 30,Age <br/>60,0.359
Ovary,Age 30,Age <br/>65,0.491
Ovary,Age 30,Age <br/>70,0.642
Ovary,Age 30,Age <br/>75,0.8
Ovary,Age 30,Age <br/>80,0.956
Ovary,Age 30,Age <br/>85,1.094
Ovary,Age 30,Age <br/>90,1.19
Ovary,Age 30,Age <br/>95,1.235
Ovary,Age 30,Age <br/>95+,1.254
Ovary,Age 35,Age <br/>5,
Ovary,Age 35,Age <br/>10,
Ovary,Age 35,Age <br/>15,
Ovary,Age 35,Age <br/>20,
Ovary,Age 35,Age <br/>25,
Ovary,Age 35,Age <br/>30,
Ovary,Age 35,Age <br/>35,
Ovary,Age 35,Age <br/>40,0.025
Ovary,Age 35,Age <br/>45,0.068
Ovary,Age 35,Age <br/>50,0.136
Ovary,Age 35,Age <br/>55,0.23
Ovary,Age 35,Age <br/>60,0.343
Ovary,Age 35,Age <br/>65,0.476
Ovary,Age 35,Age <br/>70,0.627
Ovary,Age 35,Age <br/>75,0.786
Ovary,Age 35,Age <br/>80,0.942
Ovary,Age 35,Age <br/>85,1.081
Ovary,Age 35,Age <br/>90,1.178
Ovary,Age 35,Age <br/>95,1.222
Ovary,Age 35,Age <br/>95+,1.241
Ovary,Age 40,Age <br/>5,
Ovary,Age 40,Age <br/>10,
Ovary,Age 40,Age <br/>15,
Ovary,Age 40,Age <br/>20,
Ovary,Age 40,Age <br/>25,
Ovary,Age 40,Age <br/>30,
Ovary,Age 40,Age <br/>35,
Ovary,Age 40,Age <br/>40,
Ovary,Age 40,Age <br/>45,0.044
Ovary,Age 40,Age <br/>50,0.112
Ovary,Age 40,Age <br/>55,0.206
Ovary,Age 40,Age <br/>60,0.32
Ovary,Age 40,Age <br/>65,0.454
Ovary,Age 40,Age <br/>70,0.606
Ovary,Age 40,Age <br/>75,0.765
Ovary,Age 40,Age <br/>80,0.922
Ovary,Age 40,Age <br/>85,1.062
Ovary,Age 40,Age <br/>90,1.159
Ovary,Age 40,Age <br/>95,1.204
Ovary,Age 40,Age <br/>95+,1.223
Ovary,Age 45,Age <br/>5,
Ovary,Age 45,Age <br/>10,
Ovary,Age 45,Age <br/>15,
Ovary,Age 45,Age <br/>20,
Ovary,Age 45,Age <br/>25,
Ovary,Age 45,Age <br/>30,
Ovary,Age 45,Age <br/>35,
Ovary,Age 45,Age <br/>40,
Ovary,Age 45,Age <br/>45,
Ovary,Age 45,Age <br/>50,0.068
Ovary,Age 45,Age <br/>55,0.164
Ovary,Age 45,Age <br/>60,0.278
Ovary,Age 45,Age <br/>65,0.413
Ovary,Age 45,Age <br/>70,0.566
Ovary,Age 45,Age <br/>75,0.727
Ovary,Age 45,Age <br/>80,0.885
Ovary,Age 45,Age <br/>85,1.025
Ovary,Age 45,Age <br/>90,1.124
Ovary,Age 45,Age <br/>95,1.169
Ovary,Age 45,Age <br/>95+,1.188
Ovary,Age 50,Age <br/>5,
Ovary,Age 50,Age <br/>10,
Ovary,Age 50,Age <br/>15,
Ovary,Age 50,Age <br/>20,
Ovary,Age 50,Age <br/>25,
Ovary,Age 50,Age <br/>30,
Ovary,Age 50,Age <br/>35,
Ovary,Age 50,Age <br/>40,
Ovary,Age 50,Age <br/>45,
Ovary,Age 50,Age <br/>50,
Ovary,Age 50,Age <br/>55,0.097
Ovary,Age 50,Age <br/>60,0.213
Ovary,Age 50,Age <br/>65,0.349
Ovary,Age 50,Age <br/>70,0.504
Ovary,Age 50,Age <br/>75,0.666
Ovary,Age 50,Age <br/>80,0.827
Ovary,Age 50,Age <br/>85,0.969
Ovary,Age 50,Age <br/>90,1.068
Ovary,Age 50,Age <br/>95,1.114
Ovary,Age 50,Age <br/>95+,1.133
Ovary,Age 55,Age <br/>5,
Ovary,Age 55,Age <br/>10,
Ovary,Age 55,Age <br/>15,
Ovary,Age 55,Age <br/>20,
Ovary,Age 55,Age <br/>25,
Ovary,Age 55,Age <br/>30,
Ovary,Age 55,Age <br/>35,
Ovary,Age 55,Age <br/>40,
Ovary,Age 55,Age <br/>45,
Ovary,Age 55,Age <br/>50,
Ovary,Age 55,Age <br/>55,
Ovary,Age 55,Age <br/>60,0.118
Ovary,Age 55,Age <br/>65,0.257
Ovary,Age 55,Age <br/>70,0.415
Ovary,Age 55,Age <br/>75,0.58
Ovary,Age 55,Age <br/>80,0.744
Ovary,Age 55,Age <br/>85,0.888
Ovary,Age 55,Age <br/>90,0.99
Ovary,Age 55,Age <br/>95,1.036
Ovary,Age 55,Age <br/>95+,1.056
Ovary,Age 60,Age <br/>5,
Ovary,Age 60,Age <br/>10,
Ovary,Age 60,Age <br/>15,
Ovary,Age 60,Age <br/>20,
Ovary,Age 60,Age <br/>25,
Ovary,Age 60,Age <br/>30,
Ovary,Age 60,Age <br/>35,
Ovary,Age 60,Age <br/>40,
Ovary,Age 60,Age <br/>45,
Ovary,Age 60,Age <br/>50,
Ovary,Age 60,Age <br/>55,
Ovary,Age 60,Age <br/>60,
Ovary,Age 60,Age <br/>65,0.143
Ovary,Age 60,Age <br/>70,0.305
Ovary,Age 60,Age <br/>75,0.475
Ovary,Age 60,Age <br/>80,0.642
Ovary,Age 60,Age <br/>85,0.791
Ovary,Age 60,Age <br/>90,0.895
Ovary,Age 60,Age <br/>95,0.943
Ovary,Age 60,Age <br/>95+,0.963
Ovary,Age 65,Age <br/>5,
Ovary,Age 65,Age <br/>10,
Ovary,Age 65,Age <br/>15,
Ovary,Age 65,Age <br/>20,
Ovary,Age 65,Age <br/>25,
Ovary,Age 65,Age <br/>30,
Ovary,Age 65,Age <br/>35,
Ovary,Age 65,Age <br/>40,
Ovary,Age 65,Age <br/>45,
Ovary,Age 65,Age <br/>50,
Ovary,Age 65,Age <br/>55,
Ovary,Age 65,Age <br/>60,
Ovary,Age 65,Age <br/>65,
Ovary,Age 65,Age <br/>70,0.168
Ovary,Age 65,Age <br/>75,0.345
Ovary,Age 65,Age <br/>80,0.519
Ovary,Age 65,Age <br/>85,0.674
Ovary,Age 65,Age <br/>90,0.782
Ovary,Age 65,Age <br/>95,0.831
Ovary,Age 65,Age <br/>95+,0.853
Ovary,Age 70,Age <br/>5,
Ovary,Age 70,Age <br/>10,
Ovary,Age 70,Age <br/>15,
Ovary,Age 70,Age <br/>20,
Ovary,Age 70,Age <br/>25,
Ovary,Age 70,Age <br/>30,
Ovary,Age 70,Age <br/>35,
Ovary,Age 70,Age <br/>40,
Ovary,Age 70,Age <br/>45,
Ovary,Age 70,Age <br/>50,
Ovary,Age 70,Age <br/>55,
Ovary,Age 70,Age <br/>60,
Ovary,Age 70,Age <br/>65,
Ovary,Age 70,Age <br/>70,
Ovary,Age 70,Age <br/>75,0.187
Ovary,Age 70,Age <br/>80,0.372
Ovary,Age 70,Age <br/>85,0.535
Ovary,Age 70,Age <br/>90,0.65
Ovary,Age 70,Age <br/>95,0.702
Ovary,Age 70,Age <br/>95+,0.725
Ovary,Age 75,Age <br/>5,
Ovary,Age 75,Age <br/>10,
Ovary,Age 75,Age <br/>15,
Ovary,Age 75,Age <br/>20,
Ovary,Age 75,Age <br/>25,
Ovary,Age 75,Age <br/>30,
Ovary,Age 75,Age <br/>35,
Ovary,Age 75,Age <br/>40,
Ovary,Age 75,Age <br/>45,
Ovary,Age 75,Age <br/>50,
Ovary,Age 75,Age <br/>55,
Ovary,Age 75,Age <br/>60,
Ovary,Age 75,Age <br/>65,
Ovary,Age 75,Age <br/>70,
Ovary,Age 75,Age <br/>75,
Ovary,Age 75,Age <br/>80,0.202
Ovary,Age 75,Age <br/>85,0.381
Ovary,Age 75,Age <br/>90,0.507
Ovary,Age 75,Age <br/>95,0.564
Ovary,Age 75,Age <br/>95+,0.589
Ovary,Age 80,Age <br/>5,
Ovary,Age 80,Age <br/>10,
Ovary,Age 80,Age <br/>15,
Ovary,Age 80,Age <br/>20,
Ovary,Age 80,Age <br/>25,
Ovary,Age 80,Age <br/>30,
Ovary,Age 80,Age <br/>35,
Ovary,Age 80,Age <br/>40,
Ovary,Age 80,Age <br/>45,
Ovary,Age 80,Age <br/>50,
Ovary,Age 80,Age <br/>55,
Ovary,Age 80,Age <br/>60,
Ovary,Age 80,Age <br/>65,
Ovary,Age 80,Age <br/>70,
Ovary,Age 80,Age <br/>75,
Ovary,Age 80,Age <br/>80,
Ovary,Age 80,Age <br/>85,0.209
Ovary,Age 80,Age <br/>90,0.355
Ovary,Age 80,Age <br/>95,0.421
Ovary,Age 80,Age <br/>95+,0.45
Ovary,Age 85,Age <br/>5,
Ovary,Age 85,Age <br/>10,
Ovary,Age 85,Age <br/>15,
Ovary,Age 85,Age <br/>20,
Ovary,Age 85,Age <br/>25,
Ovary,Age 85,Age <br/>30,
Ovary,Age 85,Age <br/>35,
Ovary,Age 85,Age <br/>40,
Ovary,Age 85,Age <br/>45,
Ovary,Age 85,Age <br/>50,
Ovary,Age 85,Age <br/>55,
Ovary,Age 85,Age <br/>60,
Ovary,Age 85,Age <br/>65,
Ovary,Age 85,Age <br/>70,
Ovary,Age 85,Age <br/>75,
Ovary,Age 85,Age <br/>80,
Ovary,Age 85,Age <br/>85,
Ovary,Age 85,Age <br/>90,0.189
Ovary,Age 85,Age <br/>95,0.276
Ovary,Age 85,Age <br/>95+,0.313
Ovary,Age 90,Age <br/>5,
Ovary,Age 90,Age <br/>10,
Ovary,Age 90,Age <br/>15,
Ovary,Age 90,Age <br/>20,
Ovary,Age 90,Age <br/>25,
Ovary,Age 90,Age <br/>30,
Ovary,Age 90,Age <br/>35,
Ovary,Age 90,Age <br/>40,
Ovary,Age 90,Age <br/>45,
Ovary,Age 90,Age <br/>50,
Ovary,Age 90,Age <br/>55,
Ovary,Age 90,Age <br/>60,
Ovary,Age 90,Age <br/>65,
Ovary,Age 90,Age <br/>70,
Ovary,Age 90,Age <br/>75,
Ovary,Age 90,Age <br/>80,
Ovary,Age 90,Age <br/>85,
Ovary,Age 90,Age <br/>90,
Ovary,Age 90,Age <br/>95,0.138
Ovary,Age 90,Age <br/>95+,0.196
Ovary,Age 95,Age <br/>5,
Ovary,Age 95,Age <br/>10,
Ovary,Age 95,Age <br/>15,
Ovary,Age 95,Age <br/>20,
Ovary,Age 95,Age <br/>25,
Ovary,Age 95,Age <br/>30,
Ovary,Age 95,Age <br/>35,
Ovary,Age 95,Age <br/>40,
Ovary,Age 95,Age <br/>45,
Ovary,Age 95,Age <br/>50,
Ovary,Age 95,Age <br/>55,
Ovary,Age 95,Age <br/>60,
Ovary,Age 95,Age <br/>65,
Ovary,Age 95,Age <br/>70,
Ovary,Age 95,Age <br/>75,
Ovary,Age 95,Age <br/>80,
Ovary,Age 95,Age <br/>85,
Ovary,Age 95,Age <br/>90,
Ovary,Age 95,Age <br/>95,
Ovary,Age 95,Age <br/>95+,0.128
Brain and Other Nervous System,Age 0,Age <br/>5,0.02
Brain and Other Nervous System,Age 0,Age <br/>10,0.037
Brain and Other Nervous System,Age 0,Age <br/>15,0.049
Brain and Other Nervous System,Age 0,Age <br/>20,0.06
Brain and Other Nervous System,Age 0,Age <br/>25,0.07
Brain and Other Nervous System,Age 0,Age <br/>30,0.082
Brain and Other Nervous System,Age 0,Age <br/>35,0.095
Brain and Other Nervous System,Age 0,Age <br/>40,0.11
Brain and Other Nervous System,Age 0,Age <br/>45,0.127
Brain and Other Nervous System,Age 0,Age <br/>50,0.149
Brain and Other Nervous System,Age 0,Age <br/>55,0.179
Brain and Other Nervous System,Age 0,Age <br/>60,0.217
Brain and Other Nervous System,Age 0,Age <br/>65,0.26
Brain and Other Nervous System,Age 0,Age <br/>70,0.315
Brain and Other Nervous System,Age 0,Age <br/>75,0.377
Brain and Other Nervous System,Age 0,Age <br/>80,0.436
Brain and Other Nervous System,Age 0,Age <br/>85,0.489
Brain and Other Nervous System,Age 0,Age <br/>90,0.524
Brain and Other Nervous System,Age 0,Age <br/>95,0.541
Brain and Other Nervous System,Age 0,Age <br/>95+,0.548
Brain and Other Nervous System,Age 5,Age <br/>5,
Brain and Other Nervous System,Age 5,Age <br/>10,0.018
Brain and Other Nervous System,Age 5,Age <br/>15,0.03
Brain and Other Nervous System,Age 5,Age <br/>20,0.041
Brain and Other Nervous System,Age 5,Age <br/>25,0.051
Brain and Other Nervous System,Age 5,Age <br/>30,0.063
Brain and Other Nervous System,Age 5,Age <br/>35,0.076
Brain and Other Nervous System,Age 5,Age <br/>40,0.091
Brain and Other Nervous System,Age 5,Age <br/>45,0.108
Brain and Other Nervous System,Age 5,Age <br/>50,0.131
Brain and Other Nervous System,Age 5,Age <br/>55,0.161
Brain and Other Nervous System,Age 5,Age <br/>60,0.199
Brain and Other Nervous System,Age 5,Age <br/>65,0.243
Brain and Other Nervous System,Age 5,Age <br/>70,0.299
Brain and Other Nervous System,Age 5,Age <br/>75,0.361
Brain and Other Nervous System,Age 5,Age <br/>80,0.42
Brain and Other Nervous System,Age 5,Age <br/>85,0.474
Brain and Other Nervous System,Age 5,Age <br/>90,0.51
Brain and Other Nervous System,Age 5,Age <br/>95,0.526
Brain and Other Nervous System,Age 5,Age <br/>95+,0.534
Brain and Other Nervous System,Age 10,Age <br/>5,
Brain and Other Nervous System,Age 10,Age <br/>10,
Brain and Other Nervous System,Age 10,Age <br/>15,0.013
Brain and Other Nervous System,Age 10,Age <br/>20,0.023
Brain and Other Nervous System,Age 10,Age <br/>25,0.033
Brain and Other Nervous System,Age 10,Age <br/>30,0.045
Brain and Other Nervous System,Age 10,Age <br/>35,0.059
Brain and Other Nervous System,Age 10,Age <br/>40,0.074
Brain and Other Nervous System,Age 10,Age <br/>45,0.091
Brain and Other Nervous System,Age 10,Age <br/>50,0.113
Brain and Other Nervous System,Age 10,Age <br/>55,0.143
Brain and Other Nervous System,Age 10,Age <br/>60,0.182
Brain and Other Nervous System,Age 10,Age <br/>65,0.226
Brain and Other Nervous System,Age 10,Age <br/>70,0.281
Brain and Other Nervous System,Age 10,Age <br/>75,0.343
Brain and Other Nervous System,Age 10,Age <br/>80,0.403
Brain and Other Nervous System,Age 10,Age <br/>85,0.457
Brain and Other Nervous System,Age 10,Age <br/>90,0.493
Brain and Other Nervous System,Age 10,Age <br/>95,0.509
Brain and Other Nervous System,Age 10,Age <br/>95+,0.517
Brain and Other Nervous System,Age 15,Age <br/>5,
Brain and Other Nervous System,Age 15,Age <br/>10,
Brain and Other Nervous System,Age 15,Age <br/>15,
Brain and Other Nervous System,Age 15,Age <br/>20,0.011
Brain and Other Nervous System,Age 15,Age <br/>25,0.021
Brain and Other Nervous System,Age 15,Age <br/>30,0.033
Brain and Other Nervous System,Age 15,Age <br/>35,0.046
Brain and Other Nervous System,Age 15,Age <br/>40,0.061
Brain and Other Nervous System,Age 15,Age <br/>45,0.078
Brain and Other Nervous System,Age 15,Age <br/>50,0.101
Brain and Other Nervous System,Age 15,Age <br/>55,0.131
Brain and Other Nervous System,Age 15,Age <br/>60,0.169
Brain and Other Nervous System,Age 15,Age <br/>65,0.213
Brain and Other Nervous System,Age 15,Age <br/>70,0.269
Brain and Other Nervous System,Age 15,Age <br/>75,0.331
Brain and Other Nervous System,Age 15,Age <br/>80,0.391
Brain and Other Nervous System,Age 15,Age <br/>85,0.445
Brain and Other Nervous System,Age 15,Age <br/>90,0.48
Brain and Other Nervous System,Age 15,Age <br/>95,0.497
Brain and Other Nervous System,Age 15,Age <br/>95+,0.505
Brain and Other Nervous System,Age 20,Age <br/>5,
Brain and Other Nervous System,Age 20,Age <br/>10,
Brain and Other Nervous System,Age 20,Age <br/>15,
Brain and Other Nervous System,Age 20,Age <br/>20,
Brain and Other Nervous System,Age 20,Age <br/>25,0.01
Brain and Other Nervous System,Age 20,Age <br/>30,0.022
Brain and Other Nervous System,Age 20,Age <br/>35,0.035
Brain and Other Nervous System,Age 20,Age <br/>40,0.05
Brain and Other Nervous System,Age 20,Age <br/>45,0.067
Brain and Other Nervous System,Age 20,Age <br/>50,0.09
Brain and Other Nervous System,Age 20,Age <br/>55,0.12
Brain and Other Nervous System,Age 20,Age <br/>60,0.158
Brain and Other Nervous System,Age 20,Age <br/>65,0.203
Brain and Other Nervous System,Age 20,Age <br/>70,0.258
Brain and Other Nervous System,Age 20,Age <br/>75,0.32
Brain and Other Nervous System,Age 20,Age <br/>80,0.38
Brain and Other Nervous System,Age 20,Age <br/>85,0.434
Brain and Other Nervous System,Age 20,Age <br/>90,0.47
Brain and Other Nervous System,Age 20,Age <br/>95,0.486
Brain and Other Nervous System,Age 20,Age <br/>95+,0.494
Brain and Other Nervous System,Age 25,Age <br/>5,
Brain and Other Nervous System,Age 25,Age <br/>10,
Brain and Other Nervous System,Age 25,Age <br/>15,
Brain and Other Nervous System,Age 25,Age <br/>20,
Brain and Other Nervous System,Age 25,Age <br/>25,
Brain and Other Nervous System,Age 25,Age <br/>30,0.012
Brain and Other Nervous System,Age 25,Age <br/>35,0.025
Brain and Other Nervous System,Age 25,Age <br/>40,0.04
Brain and Other Nervous System,Age 25,Age <br/>45,0.057
Brain and Other Nervous System,Age 25,Age <br/>50,0.08
Brain and Other Nervous System,Age 25,Age <br/>55,0.111
Brain and Other Nervous System,Age 25,Age <br/>60,0.149
Brain and Other Nervous System,Age 25,Age <br/>65,0.193
Brain and Other Nervous System,Age 25,Age <br/>70,0.249
Brain and Other Nervous System,Age 25,Age <br/>75,0.311
Brain and Other Nervous System,Age 25,Age <br/>80,0.371
Brain and Other Nervous System,Age 25,Age <br/>85,0.425
Brain and Other Nervous System,Age 25,Age <br/>90,0.461
Brain and Other Nervous System,Age 25,Age <br/>95,0.478
Brain and Other Nervous System,Age 25,Age <br/>95+,0.485
Brain and Other Nervous System,Age 30,Age <br/>5,
Brain and Other Nervous System,Age 30,Age <br/>10,
Brain and Other Nervous System,Age 30,Age <br/>15,
Brain and Other Nervous System,Age 30,Age <br/>20,
Brain and Other Nervous System,Age 30,Age <br/>25,
Brain and Other Nervous System,Age 30,Age <br/>30,
Brain and Other Nervous System,Age 30,Age <br/>35,0.014
Brain and Other Nervous System,Age 30,Age <br/>40,0.029
Brain and Other Nervous System,Age 30,Age <br/>45,0.046
Brain and Other Nervous System,Age 30,Age <br/>50,0.068
Brain and Other Nervous System,Age 30,Age <br/>55,0.099
Brain and Other Nervous System,Age 30,Age <br/>60,0.137
Brain and Other Nervous System,Age 30,Age <br/>65,0.182
Brain and Other Nervous System,Age 30,Age <br/>70,0.238
Brain and Other Nervous System,Age 30,Age <br/>75,0.3
Brain and Other Nervous System,Age 30,Age <br/>80,0.36
Brain and Other Nervous System,Age 30,Age <br/>85,0.415
Brain and Other Nervous System,Age 30,Age <br/>90,0.45
Brain and Other Nervous System,Age 30,Age <br/>95,0.467
Brain and Other Nervous System,Age 30,Age <br/>95+,0.475
Brain and Other Nervous System,Age 35,Age <br/>5,
Brain and Other Nervous System,Age 35,Age <br/>10,
Brain and Other Nervous System,Age 35,Age <br/>15,
Brain and Other Nervous System,Age 35,Age <br/>20,
Brain and Other Nervous System,Age 35,Age <br/>25,
Brain and Other Nervous System,Age 35,Age <br/>30,
Brain and Other Nervous System,Age 35,Age <br/>35,
Brain and Other Nervous System,Age 35,Age <br/>40,0.015
Brain and Other Nervous System,Age 35,Age <br/>45,0.032
Brain and Other Nervous System,Age 35,Age <br/>50,0.055
Brain and Other Nervous System,Age 35,Age <br/>55,0.086
Brain and Other Nervous System,Age 35,Age <br/>60,0.124
Brain and Other Nervous System,Age 35,Age <br/>65,0.169
Brain and Other Nervous System,Age 35,Age <br/>70,0.225
Brain and Other Nervous System,Age 35,Age <br/>75,0.288
Brain and Other Nervous System,Age 35,Age <br/>80,0.348
Brain and Other Nervous System,Age 35,Age <br/>85,0.403
Brain and Other Nervous System,Age 35,Age <br/>90,0.439
Brain and Other Nervous System,Age 35,Age <br/>95,0.455
Brain and Other Nervous System,Age 35,Age <br/>95+,0.463
Brain and Other Nervous System,Age 40,Age <br/>5,
Brain and Other Nervous System,Age 40,Age <br/>10,
Brain and Other Nervous System,Age 40,Age <br/>15,
Brain and Other Nervous System,Age 40,Age <br/>20,
Brain and Other Nervous System,Age 40,Age <br/>25,
Brain and Other Nervous System,Age 40,Age <br/>30,
Brain and Other Nervous System,Age 40,Age <br/>35,
Brain and Other Nervous System,Age 40,Age <br/>40,
Brain and Other Nervous System,Age 40,Age <br/>45,0.017
Brain and Other Nervous System,Age 40,Age <br/>50,0.04
Brain and Other Nervous System,Age 40,Age <br/>55,0.071
Brain and Other Nervous System,Age 40,Age <br/>60,0.11
Brain and Other Nervous System,Age 40,Age <br/>65,0.155
Brain and Other Nervous System,Age 40,Age <br/>70,0.211
Brain and Other Nervous System,Age 40,Age <br/>75,0.274
Brain and Other Nervous System,Age 40,Age <br/>80,0.335
Brain and Other Nervous System,Age 40,Age <br/>85,0.389
Brain and Other Nervous System,Age 40,Age <br/>90,0.426
Brain and Other Nervous System,Age 40,Age <br/>95,0.442
Brain and Other Nervous System,Age 40,Age <br/>95+,0.45
Brain and Other Nervous System,Age 45,Age <br/>5,
Brain and Other Nervous System,Age 45,Age <br/>10,
Brain and Other Nervous System,Age 45,Age <br/>15,
Brain and Other Nervous System,Age 45,Age <br/>20,
Brain and Other Nervous System,Age 45,Age <br/>25,
Brain and Other Nervous System,Age 45,Age <br/>30,
Brain and Other Nervous System,Age 45,Age <br/>35,
Brain and Other Nervous System,Age 45,Age <br/>40,
Brain and Other Nervous System,Age 45,Age <br/>45,
Brain and Other Nervous System,Age 45,Age <br/>50,0.023
Brain and Other Nervous System,Age 45,Age <br/>55,0.054
Brain and Other Nervous System,Age 45,Age <br/>60,0.093
Brain and Other Nervous System,Age 45,Age <br/>65,0.138
Brain and Other Nervous System,Age 45,Age <br/>70,0.195
Brain and Other Nervous System,Age 45,Age <br/>75,0.259
Brain and Other Nervous System,Age 45,Age <br/>80,0.32
Brain and Other Nervous System,Age 45,Age <br/>85,0.375
Brain and Other Nervous System,Age 45,Age <br/>90,0.411
Brain and Other Nervous System,Age 45,Age <br/>95,0.428
Brain and Other Nervous System,Age 45,Age <br/>95+,0.436
Brain and Other Nervous System,Age 50,Age <br/>5,
Brain and Other Nervous System,Age 50,Age <br/>10,
Brain and Other Nervous System,Age 50,Age <br/>15,
Brain and Other Nervous System,Age 50,Age <br/>20,
Brain and Other Nervous System,Age 50,Age <br/>25,
Brain and Other Nervous System,Age 50,Age <br/>30,
Brain and Other Nervous System,Age 50,Age <br/>35,
Brain and Other Nervous System,Age 50,Age <br/>40,
Brain and Other Nervous System,Age 50,Age <br/>45,
Brain and Other Nervous System,Age 50,Age <br/>50,
Brain and Other Nervous System,Age 50,Age <br/>55,0.032
Brain and Other Nervous System,Age 50,Age <br/>60,0.071
Brain and Other Nervous System,Age 50,Age <br/>65,0.117
Brain and Other Nervous System,Age 50,Age <br/>70,0.174
Brain and Other Nervous System,Age 50,Age <br/>75,0.238
Brain and Other Nervous System,Age 50,Age <br/>80,0.3
Brain and Other Nervous System,Age 50,Age <br/>85,0.356
Brain and Other Nervous System,Age 50,Age <br/>90,0.393
Brain and Other Nervous System,Age 50,Age <br/>95,0.41
Brain and Other Nervous System,Age 50,Age <br/>95+,0.418
Brain and Other Nervous System,Age 55,Age <br/>5,
Brain and Other Nervous System,Age 55,Age <br/>10,
Brain and Other Nervous System,Age 55,Age <br/>15,
Brain and Other Nervous System,Age 55,Age <br/>20,
Brain and Other Nervous System,Age 55,Age <br/>25,
Brain and Other Nervous System,Age 55,Age <br/>30,
Brain and Other Nervous System,Age 55,Age <br/>35,
Brain and Other Nervous System,Age 55,Age <br/>40,
Brain and Other Nervous System,Age 55,Age <br/>45,
Brain and Other Nervous System,Age 55,Age <br/>50,
Brain and Other Nervous System,Age 55,Age <br/>55,
Brain and Other Nervous System,Age 55,Age <br/>60,0.04
Brain and Other Nervous System,Age 55,Age <br/>65,0.087
Brain and Other Nervous System,Age 55,Age <br/>70,0.145
Brain and Other Nervous System,Age 55,Age <br/>75,0.211
Brain and Other Nervous System,Age 55,Age <br/>80,0.274
Brain and Other Nervous System,Age 55,Age <br/>85,0.33
Brain and Other Nervous System,Age 55,Age <br/>90,0.368
Brain and Other Nervous System,Age 55,Age <br/>95,0.385
Brain and Other Nervous System,Age 55,Age <br/>95+,0.393
Brain and Other Nervous System,Age 60,Age <br/>5,
Brain and Other Nervous System,Age 60,Age <br/>10,
Brain and Other Nervous System,Age 60,Age <br/>15,
Brain and Other Nervous System,Age 60,Age <br/>20,
Brain and Other Nervous System,Age 60,Age <br/>25,
Brain and Other Nervous System,Age 60,Age <br/>30,
Brain and Other Nervous System,Age 60,Age <br/>35,
Brain and Other Nervous System,Age 60,Age <br/>40,
Brain and Other Nervous System,Age 60,Age <br/>45,
Brain and Other Nervous System,Age 60,Age <br/>50,
Brain and Other Nervous System,Age 60,Age <br/>55,
Brain and Other Nervous System,Age 60,Age <br/>60,
Brain and Other Nervous System,Age 60,Age <br/>65,0.048
Brain and Other Nervous System,Age 60,Age <br/>70,0.108
Brain and Other Nervous System,Age 60,Age <br/>75,0.175
Brain and Other Nervous System,Age 60,Age <br/>80,0.24
Brain and Other Nervous System,Age 60,Age <br/>85,0.298
Brain and Other Nervous System,Age 60,Age <br/>90,0.337
Brain and Other Nervous System,Age 60,Age <br/>95,0.354
Brain and Other Nervous System,Age 60,Age <br/>95+,0.363
Brain and Other Nervous System,Age 65,Age <br/>5,
Brain and Other Nervous System,Age 65,Age <br/>10,
Brain and Other Nervous System,Age 65,Age <br/>15,
Brain and Other Nervous System,Age 65,Age <br/>20,
Brain and Other Nervous System,Age 65,Age <br/>25,
Brain and Other Nervous System,Age 65,Age <br/>30,
Brain and Other Nervous System,Age 65,Age <br/>35,
Brain and Other Nervous System,Age 65,Age <br/>40,
Brain and Other Nervous System,Age 65,Age <br/>45,
Brain and Other Nervous System,Age 65,Age <br/>50,
Brain and Other Nervous System,Age 65,Age <br/>55,
Brain and Other Nervous System,Age 65,Age <br/>60,
Brain and Other Nervous System,Age 65,Age <br/>65,
Brain and Other Nervous System,Age 65,Age <br/>70,0.062
Brain and Other Nervous System,Age 65,Age <br/>75,0.132
Brain and Other Nervous System,Age 65,Age <br/>80,0.199
Brain and Other Nervous System,Age 65,Age <br/>85,0.26
Brain and Other Nervous System,Age 65,Age <br/>90,0.3
Brain and Other Nervous System,Age 65,Age <br/>95,0.318
Brain and Other Nervous System,Age 65,Age <br/>95+,0.327
Brain and Other Nervous System,Age 70,Age <br/>5,
Brain and Other Nervous System,Age 70,Age <br/>10,
Brain and Other Nervous System,Age 70,Age <br/>15,
Brain and Other Nervous System,Age 70,Age <br/>20,
Brain and Other Nervous System,Age 70,Age <br/>25,
Brain and Other Nervous System,Age 70,Age <br/>30,
Brain and Other Nervous System,Age 70,Age <br/>35,
Brain and Other Nervous System,Age 70,Age <br/>40,
Brain and Other Nervous System,Age 70,Age <br/>45,
Brain and Other Nervous System,Age 70,Age <br/>50,
Brain and Other Nervous System,Age 70,Age <br/>55,
Brain and Other Nervous System,Age 70,Age <br/>60,
Brain and Other Nervous System,Age 70,Age <br/>65,
Brain and Other Nervous System,Age 70,Age <br/>70,
Brain and Other Nervous System,Age 70,Age <br/>75,0.074
Brain and Other Nervous System,Age 70,Age <br/>80,0.145
Brain and Other Nervous System,Age 70,Age <br/>85,0.209
Brain and Other Nervous System,Age 70,Age <br/>90,0.251
Brain and Other Nervous System,Age 70,Age <br/>95,0.271
Brain and Other Nervous System,Age 70,Age <br/>95+,0.28
Brain and Other Nervous System,Age 75,Age <br/>5,
Brain and Other Nervous System,Age 75,Age <br/>10,
Brain and Other Nervous System,Age 75,Age <br/>15,
Brain and Other Nervous System,Age 75,Age <br/>20,
Brain and Other Nervous System,Age 75,Age <br/>25,
Brain and Other Nervous System,Age 75,Age <br/>30,
Brain and Other Nervous System,Age 75,Age <br/>35,
Brain and Other Nervous System,Age 75,Age <br/>40,
Brain and Other Nervous System,Age 75,Age <br/>45,
Brain and Other Nervous System,Age 75,Age <br/>50,
Brain and Other Nervous System,Age 75,Age <br/>55,
Brain and Other Nervous System,Age 75,Age <br/>60,
Brain and Other Nervous System,Age 75,Age <br/>65,
Brain and Other Nervous System,Age 75,Age <br/>70,
Brain and Other Nervous System,Age 75,Age <br/>75,
Brain and Other Nervous System,Age 75,Age <br/>80,0.078
Brain and Other Nervous System,Age 75,Age <br/>85,0.148
Brain and Other Nervous System,Age 75,Age <br/>90,0.195
Brain and Other Nervous System,Age 75,Age <br/>95,0.216
Brain and Other Nervous System,Age 75,Age <br/>95+,0.226
Brain and Other Nervous System,Age 80,Age <br/>5,
Brain and Other Nervous System,Age 80,Age <br/>10,
Brain and Other Nervous System,Age 80,Age <br/>15,
Brain and Other Nervous System,Age 80,Age <br/>20,
Brain and Other Nervous System,Age 80,Age <br/>25,
Brain and Other Nervous System,Age 80,Age <br/>30,
Brain and Other Nervous System,Age 80,Age <br/>35,
Brain and Other Nervous System,Age 80,Age <br/>40,
Brain and Other Nervous System,Age 80,Age <br/>45,
Brain and Other Nervous System,Age 80,Age <br/>50,
Brain and Other Nervous System,Age 80,Age <br/>55,
Brain and Other Nervous System,Age 80,Age <br/>60,
Brain and Other Nervous System,Age 80,Age <br/>65,
Brain and Other Nervous System,Age 80,Age <br/>70,
Brain and Other Nervous System,Age 80,Age <br/>75,
Brain and Other Nervous System,Age 80,Age <br/>80,
Brain and Other Nervous System,Age 80,Age <br/>85,0.081
Brain and Other Nervous System,Age 80,Age <br/>90,0.136
Brain and Other Nervous System,Age 80,Age <br/>95,0.16
Brain and Other Nervous System,Age 80,Age <br/>95+,0.172
Brain and Other Nervous System,Age 85,Age <br/>5,
Brain and Other Nervous System,Age 85,Age <br/>10,
Brain and Other Nervous System,Age 85,Age <br/>15,
Brain and Other Nervous System,Age 85,Age <br/>20,
Brain and Other Nervous System,Age 85,Age <br/>25,
Brain and Other Nervous System,Age 85,Age <br/>30,
Brain and Other Nervous System,Age 85,Age <br/>35,
Brain and Other Nervous System,Age 85,Age <br/>40,
Brain and Other Nervous System,Age 85,Age <br/>45,
Brain and Other Nervous System,Age 85,Age <br/>50,
Brain and Other Nervous System,Age 85,Age <br/>55,
Brain and Other Nervous System,Age 85,Age <br/>60,
Brain and Other Nervous System,Age 85,Age <br/>65,
Brain and Other Nervous System,Age 85,Age <br/>70,
Brain and Other Nervous System,Age 85,Age <br/>75,
Brain and Other Nervous System,Age 85,Age <br/>80,
Brain and Other Nervous System,Age 85,Age <br/>85,
Brain and Other Nervous System,Age 85,Age <br/>90,0.07
Brain and Other Nervous System,Age 85,Age <br/>95,0.103
Brain and Other Nervous System,Age 85,Age <br/>95+,0.118
Brain and Other Nervous System,Age 90,Age <br/>5,
Brain and Other Nervous System,Age 90,Age <br/>10,
Brain and Other Nervous System,Age 90,Age <br/>15,
Brain and Other Nervous System,Age 90,Age <br/>20,
Brain and Other Nervous System,Age 90,Age <br/>25,
Brain and Other Nervous System,Age 90,Age <br/>30,
Brain and Other Nervous System,Age 90,Age <br/>35,
Brain and Other Nervous System,Age 90,Age <br/>40,
Brain and Other Nervous System,Age 90,Age <br/>45,
Brain and Other Nervous System,Age 90,Age <br/>50,
Brain and Other Nervous System,Age 90,Age <br/>55,
Brain and Other Nervous System,Age 90,Age <br/>60,
Brain and Other Nervous System,Age 90,Age <br/>65,
Brain and Other Nervous System,Age 90,Age <br/>70,
Brain and Other Nervous System,Age 90,Age <br/>75,
Brain and Other Nervous System,Age 90,Age <br/>80,
Brain and Other Nervous System,Age 90,Age <br/>85,
Brain and Other Nervous System,Age 90,Age <br/>90,
Brain and Other Nervous System,Age 90,Age <br/>95,0.051
Brain and Other Nervous System,Age 90,Age <br/>95+,0.075
Brain and Other Nervous System,Age 95,Age <br/>5,
Brain and Other Nervous System,Age 95,Age <br/>10,
Brain and Other Nervous System,Age 95,Age <br/>15,
Brain and Other Nervous System,Age 95,Age <br/>20,
Brain and Other Nervous System,Age 95,Age <br/>25,
Brain and Other Nervous System,Age 95,Age <br/>30,
Brain and Other Nervous System,Age 95,Age <br/>35,
Brain and Other Nervous System,Age 95,Age <br/>40,
Brain and Other Nervous System,Age 95,Age <br/>45,
Brain and Other Nervous System,Age 95,Age <br/>50,
Brain and Other Nervous System,Age 95,Age <br/>55,
Brain and Other Nervous System,Age 95,Age <br/>60,
Brain and Other Nervous System,Age 95,Age <br/>65,
Brain and Other Nervous System,Age 95,Age <br/>70,
Brain and Other Nervous System,Age 95,Age <br/>75,
Brain and Other Nervous System,Age 95,Age <br/>80,
Brain and Other Nervous System,Age 95,Age <br/>85,
Brain and Other Nervous System,Age 95,Age <br/>90,
Brain and Other Nervous System,Age 95,Age <br/>95,
Brain and Other Nervous System,Age 95,Age <br/>95+,0.053
Female Breast,Age 0,Age <br/>5,0
Female Breast,Age 0,Age <br/>10,0
Female Breast,Age 0,Age <br/>15,0
Female Breast,Age 0,Age <br/>20,0.002
Female Breast,Age 0,Age <br/>25,0.014
Female Breast,Age 0,Age <br/>30,0.066
Female Breast,Age 0,Age <br/>35,0.208
Female Breast,Age 0,Age <br/>40,0.518
Female Breast,Age 0,Age <br/>45,1.105
Female Breast,Age 0,Age <br/>50,1.964
Female Breast,Age 0,Age <br/>55,2.989
Female Breast,Age 0,Age <br/>60,4.152
Female Breast,Age 0,Age <br/>65,5.566
Female Breast,Age 0,Age <br/>70,7.213
Female Breast,Age 0,Age <br/>75,8.863
Female Breast,Age 0,Age <br/>80,10.283
Female Breast,Age 0,Age <br/>85,11.342
Female Breast,Age 0,Age <br/>90,12.008
Female Breast,Age 0,Age <br/>95,12.309
Female Breast,Age 0,Age <br/>95+,12.439
Female Breast,Age 5,Age <br/>5,
Female Breast,Age 5,Age <br/>10,0
Female Breast,Age 5,Age <br/>15,0
Female Breast,Age 5,Age <br/>20,0.002
Female Breast,Age 5,Age <br/>25,0.014
Female Breast,Age 5,Age <br/>30,0.066
Female Breast,Age 5,Age <br/>35,0.209
Female Breast,Age 5,Age <br/>40,0.523
Female Breast,Age 5,Age <br/>45,1.116
Female Breast,Age 5,Age <br/>50,1.982
Female Breast,Age 5,Age <br/>55,3.017
Female Breast,Age 5,Age <br/>60,4.191
Female Breast,Age 5,Age <br/>65,5.618
Female Breast,Age 5,Age <br/>70,7.279
Female Breast,Age 5,Age <br/>75,8.946
Female Breast,Age 5,Age <br/>80,10.378
Female Breast,Age 5,Age <br/>85,11.447
Female Breast,Age 5,Age <br/>90,12.119
Female Breast,Age 5,Age <br/>95,12.423
Female Breast,Age 5,Age <br/>95+,12.555
Female Breast,Age 10,Age <br/>5,
Female Breast,Age 10,Age <br/>10,
Female Breast,Age 10,Age <br/>15,0
Female Breast,Age 10,Age <br/>20,0.002
Female Breast,Age 10,Age <br/>25,0.014
Female Breast,Age 10,Age <br/>30,0.066
Female Breast,Age 10,Age <br/>35,0.21
Female Breast,Age 10,Age <br/>40,0.523
Female Breast,Age 10,Age <br/>45,1.116
Female Breast,Age 10,Age <br/>50,1.983
Female Breast,Age 10,Age <br/>55,3.019
Female Breast,Age 10,Age <br/>60,4.193
Female Breast,Age 10,Age <br/>65,5.621
Female Breast,Age 10,Age <br/>70,7.283
Female Breast,Age 10,Age <br/>75,8.95
Female Breast,Age 10,Age <br/>80,10.384
Female Breast,Age 10,Age <br/>85,11.454
Female Breast,Age 10,Age <br/>90,12.126
Female Breast,Age 10,Age <br/>95,12.43
Female Breast,Age 10,Age <br/>95+,12.562
Female Breast,Age 15,Age <br/>5,
Female Breast,Age 15,Age <br/>10,
Female Breast,Age 15,Age <br/>15,
Female Breast,Age 15,Age <br/>20,0.001
Female Breast,Age 15,Age <br/>25,0.014
Female Breast,Age 15,Age <br/>30,0.066
Female Breast,Age 15,Age <br/>35,0.21
Female Breast,Age 15,Age <br/>40,0.524
Female Breast,Age 15,Age <br/>45,1.117
Female Breast,Age 15,Age <br/>50,1.984
Female Breast,Age 15,Age <br/>55,3.02
Female Breast,Age 15,Age <br/>60,4.196
Female Breast,Age 15,Age <br/>65,5.624
Female Breast,Age 15,Age <br/>70,7.288
Female Breast,Age 15,Age <br/>75,8.956
Female Breast,Age 15,Age <br/>80,10.39
Female Breast,Age 15,Age <br/>85,11.461
Female Breast,Age 15,Age <br/>90,12.134
Female Breast,Age 15,Age <br/>95,12.438
Female Breast,Age 15,Age <br/>95+,12.57
Female Breast,Age 20,Age <br/>5,
Female Breast,Age 20,Age <br/>10,
Female Breast,Age 20,Age <br/>15,
Female Breast,Age 20,Age <br/>20,
Female Breast,Age 20,Age <br/>25,0.012
Female Breast,Age 20,Age <br/>30,0.065
Female Breast,Age 20,Age <br/>35,0.208
Female Breast,Age 20,Age <br/>40,0.523
Female Breast,Age 20,Age <br/>45,1.117
Female Breast,Age 20,Age <br/>50,1.985
Female Breast,Age 20,Age <br/>55,3.023
Female Breast,Age 20,Age <br/>60,4.2
Female Breast,Age 20,Age <br/>65,5.63
Female Breast,Age 20,Age <br/>70,7.296
Female Breast,Age 20,Age <br/>75,8.966
Female Breast,Age 20,Age <br/>80,10.402
Female Breast,Age 20,Age <br/>85,11.474
Female Breast,Age 20,Age <br/>90,12.148
Female Breast,Age 20,Age <br/>95,12.453
Female Breast,Age 20,Age <br/>95+,12.584
Female Breast,Age 25,Age <br/>5,
Female Breast,Age 25,Age <br/>10,
Female Breast,Age 25,Age <br/>15,
Female Breast,Age 25,Age <br/>20,
Female Breast,Age 25,Age <br/>25,
Female Breast,Age 25,Age <br/>30,0.053
Female Breast,Age 25,Age <br/>35,0.197
Female Breast,Age 25,Age <br/>40,0.512
Female Breast,Age 25,Age <br/>45,1.107
Female Breast,Age 25,Age <br/>50,1.977
Female Breast,Age 25,Age <br/>55,3.017
Female Breast,Age 25,Age <br/>60,4.197
Female Breast,Age 25,Age <br/>65,5.63
Female Breast,Age 25,Age <br/>70,7.299
Female Breast,Age 25,Age <br/>75,8.973
Female Breast,Age 25,Age <br/>80,10.412
Female Breast,Age 25,Age <br/>85,11.487
Female Breast,Age 25,Age <br/>90,12.162
Female Breast,Age 25,Age <br/>95,12.467
Female Breast,Age 25,Age <br/>95+,12.599
Female Breast,Age 30,Age <br/>5,
Female Breast,Age 30,Age <br/>10,
Female Breast,Age 30,Age <br/>15,
Female Breast,Age 30,Age <br/>20,
Female Breast,Age 30,Age <br/>25,
Female Breast,Age 30,Age <br/>30,
Female Breast,Age 30,Age <br/>35,0.144
Female Breast,Age 30,Age <br/>40,0.46
Female Breast,Age 30,Age <br/>45,1.057
Female Breast,Age 30,Age <br/>50,1.931
Female Breast,Age 30,Age <br/>55,2.974
Female Breast,Age 30,Age <br/>60,4.157
Female Breast,Age 30,Age <br/>65,5.595
Female Breast,Age 30,Age <br/>70,7.27
Female Breast,Age 30,Age <br/>75,8.949
Female Breast,Age 30,Age <br/>80,10.393
Female Breast,Age 30,Age <br/>85,11.47
Female Breast,Age 30,Age <br/>90,12.148
Female Breast,Age 30,Age <br/>95,12.454
Female Breast,Age 30,Age <br/>95+,12.586
Female Breast,Age 35,Age <br/>5,
Female Breast,Age 35,Age <br/>10,
Female Breast,Age 35,Age <br/>15,
Female Breast,Age 35,Age <br/>20,
Female Breast,Age 35,Age <br/>25,
Female Breast,Age 35,Age <br/>30,
Female Breast,Age 35,Age <br/>35,
Female Breast,Age 35,Age <br/>40,0.318
Female Breast,Age 35,Age <br/>45,0.918
Female Breast,Age 35,Age <br/>50,1.795
Female Breast,Age 35,Age <br/>55,2.843
Female Breast,Age 35,Age <br/>60,4.032
Female Breast,Age 35,Age <br/>65,5.478
Female Breast,Age 35,Age <br/>70,7.16
Female Breast,Age 35,Age <br/>75,8.848
Female Breast,Age 35,Age <br/>80,10.299
Female Breast,Age 35,Age <br/>85,11.382
Female Breast,Age 35,Age <br/>90,12.062
Female Breast,Age 35,Age <br/>95,12.37
Female Breast,Age 35,Age <br/>95+,12.503
Female Breast,Age 40,Age <br/>5,
Female Breast,Age 40,Age <br/>10,
Female Breast,Age 40,Age <br/>15,
Female Breast,Age 40,Age <br/>20,
Female Breast,Age 40,Age <br/>25,
Female Breast,Age 40,Age <br/>30,
Female Breast,Age 40,Age <br/>35,
Female Breast,Age 40,Age <br/>40,
Female Breast,Age 40,Age <br/>45,0.605
Female Breast,Age 40,Age <br/>50,1.489
Female Breast,Age 40,Age <br/>55,2.546
Female Breast,Age 40,Age <br/>60,3.744
Female Breast,Age 40,Age <br/>65,5.2
Female Breast,Age 40,Age <br/>70,6.897
Female Breast,Age 40,Age <br/>75,8.597
Female Breast,Age 40,Age <br/>80,10.059
Female Breast,Age 40,Age <br/>85,11.151
Female Breast,Age 40,Age <br/>90,11.837
Female Breast,Age 40,Age <br/>95,12.147
Female Breast,Age 40,Age <br/>95+,12.281
Female Breast,Age 45,Age <br/>5,
Female Breast,Age 45,Age <br/>10,
Female Breast,Age 45,Age <br/>15,
Female Breast,Age 45,Age <br/>20,
Female Breast,Age 45,Age <br/>25,
Female Breast,Age 45,Age <br/>30,
Female Breast,Age 45,Age <br/>35,
Female Breast,Age 45,Age <br/>40,
Female Breast,Age 45,Age <br/>45,
Female Breast,Age 45,Age <br/>50,0.896
Female Breast,Age 45,Age <br/>55,1.966
Female Breast,Age 45,Age <br/>60,3.18
Female Breast,Age 45,Age <br/>65,4.655
Female Breast,Age 45,Age <br/>70,6.373
Female Breast,Age 45,Age <br/>75,8.096
Female Breast,Age 45,Age <br/>80,9.577
Female Breast,Age 45,Age <br/>85,10.682
Female Breast,Age 45,Age <br/>90,11.377
Female Breast,Age 45,Age <br/>95,11.691
Female Breast,Age 45,Age <br/>95+,11.827
Female Breast,Age 50,Age <br/>5,
Female Breast,Age 50,Age <br/>10,
Female Breast,Age 50,Age <br/>15,
Female Breast,Age 50,Age <br/>20,
Female Breast,Age 50,Age <br/>25,
Female Breast,Age 50,Age <br/>30,
Female Breast,Age 50,Age <br/>35,
Female Breast,Age 50,Age <br/>40,
Female Breast,Age 50,Age <br/>45,
Female Breast,Age 50,Age <br/>50,
Female Breast,Age 50,Age <br/>55,1.091
Female Breast,Age 50,Age <br/>60,2.329
Female Breast,Age 50,Age <br/>65,3.833
Female Breast,Age 50,Age <br/>70,5.585
Female Breast,Age 50,Age <br/>75,7.342
Female Breast,Age 50,Age <br/>80,8.852
Female Breast,Age 50,Age <br/>85,9.979
Female Breast,Age 50,Age <br/>90,10.688
Female Breast,Age 50,Age <br/>95,11.008
Female Breast,Age 50,Age <br/>95+,11.147
Female Breast,Age 55,Age <br/>5,
Female Breast,Age 55,Age <br/>10,
Female Breast,Age 55,Age <br/>15,
Female Breast,Age 55,Age <br/>20,
Female Breast,Age 55,Age <br/>25,
Female Breast,Age 55,Age <br/>30,
Female Breast,Age 55,Age <br/>35,
Female Breast,Age 55,Age <br/>40,
Female Breast,Age 55,Age <br/>45,
Female Breast,Age 55,Age <br/>50,
Female Breast,Age 55,Age <br/>55,
Female Breast,Age 55,Age <br/>60,1.272
Female Breast,Age 55,Age <br/>65,2.819
Female Breast,Age 55,Age <br/>70,4.619
Female Breast,Age 55,Age <br/>75,6.425
Female Breast,Age 55,Age <br/>80,7.977
Female Breast,Age 55,Age <br/>85,9.136
Female Breast,Age 55,Age <br/>90,9.865
Female Breast,Age 55,Age <br/>95,10.194
Female Breast,Age 55,Age <br/>95+,10.336
Female Breast,Age 60,Age <br/>5,
Female Breast,Age 60,Age <br/>10,
Female Breast,Age 60,Age <br/>15,
Female Breast,Age 60,Age <br/>20,
Female Breast,Age 60,Age <br/>25,
Female Breast,Age 60,Age <br/>30,
Female Breast,Age 60,Age <br/>35,
Female Breast,Age 60,Age <br/>40,
Female Breast,Age 60,Age <br/>45,
Female Breast,Age 60,Age <br/>50,
Female Breast,Age 60,Age <br/>55,
Female Breast,Age 60,Age <br/>60,
Female Breast,Age 60,Age <br/>65,1.605
Female Breast,Age 60,Age <br/>70,3.474
Female Breast,Age 60,Age <br/>75,5.348
Female Breast,Age 60,Age <br/>80,6.959
Female Breast,Age 60,Age <br/>85,8.162
Female Breast,Age 60,Age <br/>90,8.917
Female Breast,Age 60,Age <br/>95,9.259
Female Breast,Age 60,Age <br/>95+,9.407
Female Breast,Age 65,Age <br/>5,
Female Breast,Age 65,Age <br/>10,
Female Breast,Age 65,Age <br/>15,
Female Breast,Age 65,Age <br/>20,
Female Breast,Age 65,Age <br/>25,
Female Breast,Age 65,Age <br/>30,
Female Breast,Age 65,Age <br/>35,
Female Breast,Age 65,Age <br/>40,
Female Breast,Age 65,Age <br/>45,
Female Breast,Age 65,Age <br/>50,
Female Breast,Age 65,Age <br/>55,
Female Breast,Age 65,Age <br/>60,
Female Breast,Age 65,Age <br/>65,
Female Breast,Age 65,Age <br/>70,1.968
Female Breast,Age 65,Age <br/>75,3.941
Female Breast,Age 65,Age <br/>80,5.638
Female Breast,Age 65,Age <br/>85,6.904
Female Breast,Age 65,Age <br/>90,7.7
Female Breast,Age 65,Age <br/>95,8.06
Female Breast,Age 65,Age <br/>95+,8.215
Female Breast,Age 70,Age <br/>5,
Female Breast,Age 70,Age <br/>10,
Female Breast,Age 70,Age <br/>15,
Female Breast,Age 70,Age <br/>20,
Female Breast,Age 70,Age <br/>25,
Female Breast,Age 70,Age <br/>30,
Female Breast,Age 70,Age <br/>35,
Female Breast,Age 70,Age <br/>40,
Female Breast,Age 70,Age <br/>45,
Female Breast,Age 70,Age <br/>50,
Female Breast,Age 70,Age <br/>55,
Female Breast,Age 70,Age <br/>60,
Female Breast,Age 70,Age <br/>65,
Female Breast,Age 70,Age <br/>70,
Female Breast,Age 70,Age <br/>75,2.125
Female Breast,Age 70,Age <br/>80,3.951
Female Breast,Age 70,Age <br/>85,5.315
Female Breast,Age 70,Age <br/>90,6.172
Female Breast,Age 70,Age <br/>95,6.56
Female Breast,Age 70,Age <br/>95+,6.727
Female Breast,Age 75,Age <br/>5,
Female Breast,Age 75,Age <br/>10,
Female Breast,Age 75,Age <br/>15,
Female Breast,Age 75,Age <br/>20,
Female Breast,Age 75,Age <br/>25,
Female Breast,Age 75,Age <br/>30,
Female Breast,Age 75,Age <br/>35,
Female Breast,Age 75,Age <br/>40,
Female Breast,Age 75,Age <br/>45,
Female Breast,Age 75,Age <br/>50,
Female Breast,Age 75,Age <br/>55,
Female Breast,Age 75,Age <br/>60,
Female Breast,Age 75,Age <br/>65,
Female Breast,Age 75,Age <br/>70,
Female Breast,Age 75,Age <br/>75,
Female Breast,Age 75,Age <br/>80,2.038
Female Breast,Age 75,Age <br/>85,3.56
Female Breast,Age 75,Age <br/>90,4.516
Female Breast,Age 75,Age <br/>95,4.948
Female Breast,Age 75,Age <br/>95+,5.135
Female Breast,Age 80,Age <br/>5,
Female Breast,Age 80,Age <br/>10,
Female Breast,Age 80,Age <br/>15,
Female Breast,Age 80,Age <br/>20,
Female Breast,Age 80,Age <br/>25,
Female Breast,Age 80,Age <br/>30,
Female Breast,Age 80,Age <br/>35,
Female Breast,Age 80,Age <br/>40,
Female Breast,Age 80,Age <br/>45,
Female Breast,Age 80,Age <br/>50,
Female Breast,Age 80,Age <br/>55,
Female Breast,Age 80,Age <br/>60,
Female Breast,Age 80,Age <br/>65,
Female Breast,Age 80,Age <br/>70,
Female Breast,Age 80,Age <br/>75,
Female Breast,Age 80,Age <br/>80,
Female Breast,Age 80,Age <br/>85,1.801
Female Breast,Age 80,Age <br/>90,2.932
Female Breast,Age 80,Age <br/>95,3.444
Female Breast,Age 80,Age <br/>95+,3.665
Female Breast,Age 85,Age <br/>5,
Female Breast,Age 85,Age <br/>10,
Female Breast,Age 85,Age <br/>15,
Female Breast,Age 85,Age <br/>20,
Female Breast,Age 85,Age <br/>25,
Female Breast,Age 85,Age <br/>30,
Female Breast,Age 85,Age <br/>35,
Female Breast,Age 85,Age <br/>40,
Female Breast,Age 85,Age <br/>45,
Female Breast,Age 85,Age <br/>50,
Female Breast,Age 85,Age <br/>55,
Female Breast,Age 85,Age <br/>60,
Female Breast,Age 85,Age <br/>65,
Female Breast,Age 85,Age <br/>70,
Female Breast,Age 85,Age <br/>75,
Female Breast,Age 85,Age <br/>80,
Female Breast,Age 85,Age <br/>85,
Female Breast,Age 85,Age <br/>90,1.491
Female Breast,Age 85,Age <br/>95,2.165
Female Breast,Age 85,Age <br/>95+,2.456
Female Breast,Age 90,Age <br/>5,
Female Breast,Age 90,Age <br/>10,
Female Breast,Age 90,Age <br/>15,
Female Breast,Age 90,Age <br/>20,
Female Breast,Age 90,Age <br/>25,
Female Breast,Age 90,Age <br/>30,
Female Breast,Age 90,Age <br/>35,
Female Breast,Age 90,Age <br/>40,
Female Breast,Age 90,Age <br/>45,
Female Breast,Age 90,Age <br/>50,
Female Breast,Age 90,Age <br/>55,
Female Breast,Age 90,Age <br/>60,
Female Breast,Age 90,Age <br/>65,
Female Breast,Age 90,Age <br/>70,
Female Breast,Age 90,Age <br/>75,
Female Breast,Age 90,Age <br/>80,
Female Breast,Age 90,Age <br/>85,
Female Breast,Age 90,Age <br/>90,
Female Breast,Age 90,Age <br/>95,1.082
Female Breast,Age 90,Age <br/>95+,1.549
Female Breast,Age 95,Age <br/>5,
Female Breast,Age 95,Age <br/>10,
Female Breast,Age 95,Age <br/>15,
Female Breast,Age 95,Age <br/>20,
Female Breast,Age 95,Age <br/>25,
Female Breast,Age 95,Age <br/>30,
Female Breast,Age 95,Age <br/>35,
Female Breast,Age 95,Age <br/>40,
Female Breast,Age 95,Age <br/>45,
Female Breast,Age 95,Age <br/>50,
Female Breast,Age 95,Age <br/>55,
Female Breast,Age 95,Age <br/>60,
Female Breast,Age 95,Age <br/>65,
Female Breast,Age 95,Age <br/>70,
Female Breast,Age 95,Age <br/>75,
Female Breast,Age 95,Age <br/>80,
Female Breast,Age 95,Age <br/>85,
Female Breast,Age 95,Age <br/>90,
Female Breast,Age 95,Age <br/>95,
Female Breast,Age 95,Age <br/>95+,1.027
,,,
,,,
Cancer sites include invasive cases only unless otherwise noted.,,,
,,,
"Source: Underlying Incidence data are from the SEER 18 areas (San Francisco, Connecticut, Detroit, Hawaii, Iowa, New Mexico, Seattle, Utah, Atlanta, San Jose-Monterey, Los Angeles, Alaska Native Registry, Rural Georgia, California excluding SF/SJM/LA, Kentucky, Louisiana, New Jersey and Georgia excluding ATL/RG).\
Rates are calculated using DevCan Version 6.7, April 2018, National Cancer Institute (http://surveillance.cancer.gov/devcan/).",,,
